,CPI_US
2015-01-01,234.747
2015-01-02,234.747
2015-01-05,234.747
2015-01-06,234.747
2015-01-07,234.747
2015-01-08,234.747
2015-01-09,234.747
2015-01-12,234.747
2015-01-13,234.747
2015-01-14,234.747
2015-01-15,234.747
2015-01-16,234.747
2015-01-19,234.747
2015-01-20,234.747
2015-01-21,234.747
2015-01-22,234.747
2015-01-23,234.747
2015-01-26,234.747
2015-01-27,234.747
2015-01-28,234.747
2015-01-29,234.747
2015-01-30,234.747
2015-02-02,235.342
2015-02-03,235.342
2015-02-04,235.342
2015-02-05,235.342
2015-02-06,235.342
2015-02-09,235.342
2015-02-10,235.342
2015-02-11,235.342
2015-02-12,235.342
2015-02-13,235.342
2015-02-16,235.342
2015-02-17,235.342
2015-02-18,235.342
2015-02-19,235.342
2015-02-20,235.342
2015-02-23,235.342
2015-02-24,235.342
2015-02-25,235.342
2015-02-26,235.342
2015-02-27,235.342
2015-03-02,235.976
2015-03-03,235.976
2015-03-04,235.976
2015-03-05,235.976
2015-03-06,235.976
2015-03-09,235.976
2015-03-10,235.976
2015-03-11,235.976
2015-03-12,235.976
2015-03-13,235.976
2015-03-16,235.976
2015-03-17,235.976
2015-03-18,235.976
2015-03-19,235.976
2015-03-20,235.976
2015-03-23,235.976
2015-03-24,235.976
2015-03-25,235.976
2015-03-26,235.976
2015-03-27,235.976
2015-03-30,235.976
2015-03-31,235.976
2015-04-01,236.222
2015-04-02,236.222
2015-04-03,236.222
2015-04-06,236.222
2015-04-07,236.222
2015-04-08,236.222
2015-04-09,236.222
2015-04-10,236.222
2015-04-13,236.222
2015-04-14,236.222
2015-04-15,236.222
2015-04-16,236.222
2015-04-17,236.222
2015-04-20,236.222
2015-04-21,236.222
2015-04-22,236.222
2015-04-23,236.222
2015-04-24,236.222
2015-04-27,236.222
2015-04-28,236.222
2015-04-29,236.222
2015-04-30,236.222
2015-05-01,237.001
2015-05-04,237.001
2015-05-05,237.001
2015-05-06,237.001
2015-05-07,237.001
2015-05-08,237.001
2015-05-11,237.001
2015-05-12,237.001
2015-05-13,237.001
2015-05-14,237.001
2015-05-15,237.001
2015-05-18,237.001
2015-05-19,237.001
2015-05-20,237.001
2015-05-21,237.001
2015-05-22,237.001
2015-05-25,237.001
2015-05-26,237.001
2015-05-27,237.001
2015-05-28,237.001
2015-05-29,237.001
2015-06-01,237.657
2015-06-02,237.657
2015-06-03,237.657
2015-06-04,237.657
2015-06-05,237.657
2015-06-08,237.657
2015-06-09,237.657
2015-06-10,237.657
2015-06-11,237.657
2015-06-12,237.657
2015-06-15,237.657
2015-06-16,237.657
2015-06-17,237.657
2015-06-18,237.657
2015-06-19,237.657
2015-06-22,237.657
2015-06-23,237.657
2015-06-24,237.657
2015-06-25,237.657
2015-06-26,237.657
2015-06-29,237.657
2015-06-30,237.657
2015-07-01,238.034
2015-07-02,238.034
2015-07-03,238.034
2015-07-06,238.034
2015-07-07,238.034
2015-07-08,238.034
2015-07-09,238.034
2015-07-10,238.034
2015-07-13,238.034
2015-07-14,238.034
2015-07-15,238.034
2015-07-16,238.034
2015-07-17,238.034
2015-07-20,238.034
2015-07-21,238.034
2015-07-22,238.034
2015-07-23,238.034
2015-07-24,238.034
2015-07-27,238.034
2015-07-28,238.034
2015-07-29,238.034
2015-07-30,238.034
2015-07-31,238.034
2015-08-03,238.033
2015-08-04,238.033
2015-08-05,238.033
2015-08-06,238.033
2015-08-07,238.033
2015-08-10,238.033
2015-08-11,238.033
2015-08-12,238.033
2015-08-13,238.033
2015-08-14,238.033
2015-08-17,238.033
2015-08-18,238.033
2015-08-19,238.033
2015-08-20,238.033
2015-08-21,238.033
2015-08-24,238.033
2015-08-25,238.033
2015-08-26,238.033
2015-08-27,238.033
2015-08-28,238.033
2015-08-31,238.033
2015-09-01,237.498
2015-09-02,237.498
2015-09-03,237.498
2015-09-04,237.498
2015-09-07,237.498
2015-09-08,237.498
2015-09-09,237.498
2015-09-10,237.498
2015-09-11,237.498
2015-09-14,237.498
2015-09-15,237.498
2015-09-16,237.498
2015-09-17,237.498
2015-09-18,237.498
2015-09-21,237.498
2015-09-22,237.498
2015-09-23,237.498
2015-09-24,237.498
2015-09-25,237.498
2015-09-28,237.498
2015-09-29,237.498
2015-09-30,237.498
2015-10-01,237.733
2015-10-02,237.733
2015-10-05,237.733
2015-10-06,237.733
2015-10-07,237.733
2015-10-08,237.733
2015-10-09,237.733
2015-10-12,237.733
2015-10-13,237.733
2015-10-14,237.733
2015-10-15,237.733
2015-10-16,237.733
2015-10-19,237.733
2015-10-20,237.733
2015-10-21,237.733
2015-10-22,237.733
2015-10-23,237.733
2015-10-26,237.733
2015-10-27,237.733
2015-10-28,237.733
2015-10-29,237.733
2015-10-30,237.733
2015-11-02,238.017
2015-11-03,238.017
2015-11-04,238.017
2015-11-05,238.017
2015-11-06,238.017
2015-11-09,238.017
2015-11-10,238.017
2015-11-11,238.017
2015-11-12,238.017
2015-11-13,238.017
2015-11-16,238.017
2015-11-17,238.017
2015-11-18,238.017
2015-11-19,238.017
2015-11-20,238.017
2015-11-23,238.017
2015-11-24,238.017
2015-11-25,238.017
2015-11-26,238.017
2015-11-27,238.017
2015-11-30,238.017
2015-12-01,237.761
2015-12-02,237.761
2015-12-03,237.761
2015-12-04,237.761
2015-12-07,237.761
2015-12-08,237.761
2015-12-09,237.761
2015-12-10,237.761
2015-12-11,237.761
2015-12-14,237.761
2015-12-15,237.761
2015-12-16,237.761
2015-12-17,237.761
2015-12-18,237.761
2015-12-21,237.761
2015-12-22,237.761
2015-12-23,237.761
2015-12-24,237.761
2015-12-25,237.761
2015-12-28,237.761
2015-12-29,237.761
2015-12-30,237.761
2015-12-31,237.761
2016-01-01,237.652
2016-01-04,237.652
2016-01-05,237.652
2016-01-06,237.652
2016-01-07,237.652
2016-01-08,237.652
2016-01-11,237.652
2016-01-12,237.652
2016-01-13,237.652
2016-01-14,237.652
2016-01-15,237.652
2016-01-18,237.652
2016-01-19,237.652
2016-01-20,237.652
2016-01-21,237.652
2016-01-22,237.652
2016-01-25,237.652
2016-01-26,237.652
2016-01-27,237.652
2016-01-28,237.652
2016-01-29,237.652
2016-02-01,237.336
2016-02-02,237.336
2016-02-03,237.336
2016-02-04,237.336
2016-02-05,237.336
2016-02-08,237.336
2016-02-09,237.336
2016-02-10,237.336
2016-02-11,237.336
2016-02-12,237.336
2016-02-15,237.336
2016-02-16,237.336
2016-02-17,237.336
2016-02-18,237.336
2016-02-19,237.336
2016-02-22,237.336
2016-02-23,237.336
2016-02-24,237.336
2016-02-25,237.336
2016-02-26,237.336
2016-02-29,237.336
2016-03-01,238.08
2016-03-02,238.08
2016-03-03,238.08
2016-03-04,238.08
2016-03-07,238.08
2016-03-08,238.08
2016-03-09,238.08
2016-03-10,238.08
2016-03-11,238.08
2016-03-14,238.08
2016-03-15,238.08
2016-03-16,238.08
2016-03-17,238.08
2016-03-18,238.08
2016-03-21,238.08
2016-03-22,238.08
2016-03-23,238.08
2016-03-24,238.08
2016-03-25,238.08
2016-03-28,238.08
2016-03-29,238.08
2016-03-30,238.08
2016-03-31,238.08
2016-04-01,238.992
2016-04-04,238.992
2016-04-05,238.992
2016-04-06,238.992
2016-04-07,238.992
2016-04-08,238.992
2016-04-11,238.992
2016-04-12,238.992
2016-04-13,238.992
2016-04-14,238.992
2016-04-15,238.992
2016-04-18,238.992
2016-04-19,238.992
2016-04-20,238.992
2016-04-21,238.992
2016-04-22,238.992
2016-04-25,238.992
2016-04-26,238.992
2016-04-27,238.992
2016-04-28,238.992
2016-04-29,238.992
2016-05-02,239.557
2016-05-03,239.557
2016-05-04,239.557
2016-05-05,239.557
2016-05-06,239.557
2016-05-09,239.557
2016-05-10,239.557
2016-05-11,239.557
2016-05-12,239.557
2016-05-13,239.557
2016-05-16,239.557
2016-05-17,239.557
2016-05-18,239.557
2016-05-19,239.557
2016-05-20,239.557
2016-05-23,239.557
2016-05-24,239.557
2016-05-25,239.557
2016-05-26,239.557
2016-05-27,239.557
2016-05-30,239.557
2016-05-31,239.557
2016-06-01,240.222
2016-06-02,240.222
2016-06-03,240.222
2016-06-06,240.222
2016-06-07,240.222
2016-06-08,240.222
2016-06-09,240.222
2016-06-10,240.222
2016-06-13,240.222
2016-06-14,240.222
2016-06-15,240.222
2016-06-16,240.222
2016-06-17,240.222
2016-06-20,240.222
2016-06-21,240.222
2016-06-22,240.222
2016-06-23,240.222
2016-06-24,240.222
2016-06-27,240.222
2016-06-28,240.222
2016-06-29,240.222
2016-06-30,240.222
2016-07-01,240.101
2016-07-04,240.101
2016-07-05,240.101
2016-07-06,240.101
2016-07-07,240.101
2016-07-08,240.101
2016-07-11,240.101
2016-07-12,240.101
2016-07-13,240.101
2016-07-14,240.101
2016-07-15,240.101
2016-07-18,240.101
2016-07-19,240.101
2016-07-20,240.101
2016-07-21,240.101
2016-07-22,240.101
2016-07-25,240.101
2016-07-26,240.101
2016-07-27,240.101
2016-07-28,240.101
2016-07-29,240.101
2016-08-01,240.545
2016-08-02,240.545
2016-08-03,240.545
2016-08-04,240.545
2016-08-05,240.545
2016-08-08,240.545
2016-08-09,240.545
2016-08-10,240.545
2016-08-11,240.545
2016-08-12,240.545
2016-08-15,240.545
2016-08-16,240.545
2016-08-17,240.545
2016-08-18,240.545
2016-08-19,240.545
2016-08-22,240.545
2016-08-23,240.545
2016-08-24,240.545
2016-08-25,240.545
2016-08-26,240.545
2016-08-29,240.545
2016-08-30,240.545
2016-08-31,240.545
2016-09-01,241.176
2016-09-02,241.176
2016-09-05,241.176
2016-09-06,241.176
2016-09-07,241.176
2016-09-08,241.176
2016-09-09,241.176
2016-09-12,241.176
2016-09-13,241.176
2016-09-14,241.176
2016-09-15,241.176
2016-09-16,241.176
2016-09-19,241.176
2016-09-20,241.176
2016-09-21,241.176
2016-09-22,241.176
2016-09-23,241.176
2016-09-26,241.176
2016-09-27,241.176
2016-09-28,241.176
2016-09-29,241.176
2016-09-30,241.176
2016-10-03,241.741
2016-10-04,241.741
2016-10-05,241.741
2016-10-06,241.741
2016-10-07,241.741
2016-10-10,241.741
2016-10-11,241.741
2016-10-12,241.741
2016-10-13,241.741
2016-10-14,241.741
2016-10-17,241.741
2016-10-18,241.741
2016-10-19,241.741
2016-10-20,241.741
2016-10-21,241.741
2016-10-24,241.741
2016-10-25,241.741
2016-10-26,241.741
2016-10-27,241.741
2016-10-28,241.741
2016-10-31,241.741
2016-11-01,242.026
2016-11-02,242.026
2016-11-03,242.026
2016-11-04,242.026
2016-11-07,242.026
2016-11-08,242.026
2016-11-09,242.026
2016-11-10,242.026
2016-11-11,242.026
2016-11-14,242.026
2016-11-15,242.026
2016-11-16,242.026
2016-11-17,242.026
2016-11-18,242.026
2016-11-21,242.026
2016-11-22,242.026
2016-11-23,242.026
2016-11-24,242.026
2016-11-25,242.026
2016-11-28,242.026
2016-11-29,242.026
2016-11-30,242.026
2016-12-01,242.637
2016-12-02,242.637
2016-12-05,242.637
2016-12-06,242.637
2016-12-07,242.637
2016-12-08,242.637
2016-12-09,242.637
2016-12-12,242.637
2016-12-13,242.637
2016-12-14,242.637
2016-12-15,242.637
2016-12-16,242.637
2016-12-19,242.637
2016-12-20,242.637
2016-12-21,242.637
2016-12-22,242.637
2016-12-23,242.637
2016-12-26,242.637
2016-12-27,242.637
2016-12-28,242.637
2016-12-29,242.637
2016-12-30,242.637
2017-01-02,243.618
2017-01-03,243.618
2017-01-04,243.618
2017-01-05,243.618
2017-01-06,243.618
2017-01-09,243.618
2017-01-10,243.618
2017-01-11,243.618
2017-01-12,243.618
2017-01-13,243.618
2017-01-16,243.618
2017-01-17,243.618
2017-01-18,243.618
2017-01-19,243.618
2017-01-20,243.618
2017-01-23,243.618
2017-01-24,243.618
2017-01-25,243.618
2017-01-26,243.618
2017-01-27,243.618
2017-01-30,243.618
2017-01-31,243.618
2017-02-01,244.006
2017-02-02,244.006
2017-02-03,244.006
2017-02-06,244.006
2017-02-07,244.006
2017-02-08,244.006
2017-02-09,244.006
2017-02-10,244.006
2017-02-13,244.006
2017-02-14,244.006
2017-02-15,244.006
2017-02-16,244.006
2017-02-17,244.006
2017-02-20,244.006
2017-02-21,244.006
2017-02-22,244.006
2017-02-23,244.006
2017-02-24,244.006
2017-02-27,244.006
2017-02-28,244.006
2017-03-01,243.892
2017-03-02,243.892
2017-03-03,243.892
2017-03-06,243.892
2017-03-07,243.892
2017-03-08,243.892
2017-03-09,243.892
2017-03-10,243.892
2017-03-13,243.892
2017-03-14,243.892
2017-03-15,243.892
2017-03-16,243.892
2017-03-17,243.892
2017-03-20,243.892
2017-03-21,243.892
2017-03-22,243.892
2017-03-23,243.892
2017-03-24,243.892
2017-03-27,243.892
2017-03-28,243.892
2017-03-29,243.892
2017-03-30,243.892
2017-03-31,243.892
2017-04-03,244.193
2017-04-04,244.193
2017-04-05,244.193
2017-04-06,244.193
2017-04-07,244.193
2017-04-10,244.193
2017-04-11,244.193
2017-04-12,244.193
2017-04-13,244.193
2017-04-14,244.193
2017-04-17,244.193
2017-04-18,244.193
2017-04-19,244.193
2017-04-20,244.193
2017-04-21,244.193
2017-04-24,244.193
2017-04-25,244.193
2017-04-26,244.193
2017-04-27,244.193
2017-04-28,244.193
2017-05-01,244.004
2017-05-02,244.004
2017-05-03,244.004
2017-05-04,244.004
2017-05-05,244.004
2017-05-08,244.004
2017-05-09,244.004
2017-05-10,244.004
2017-05-11,244.004
2017-05-12,244.004
2017-05-15,244.004
2017-05-16,244.004
2017-05-17,244.004
2017-05-18,244.004
2017-05-19,244.004
2017-05-22,244.004
2017-05-23,244.004
2017-05-24,244.004
2017-05-25,244.004
2017-05-26,244.004
2017-05-29,244.004
2017-05-30,244.004
2017-05-31,244.004
2017-06-01,244.163
2017-06-02,244.163
2017-06-05,244.163
2017-06-06,244.163
2017-06-07,244.163
2017-06-08,244.163
2017-06-09,244.163
2017-06-12,244.163
2017-06-13,244.163
2017-06-14,244.163
2017-06-15,244.163
2017-06-16,244.163
2017-06-19,244.163
2017-06-20,244.163
2017-06-21,244.163
2017-06-22,244.163
2017-06-23,244.163
2017-06-26,244.163
2017-06-27,244.163
2017-06-28,244.163
2017-06-29,244.163
2017-06-30,244.163
2017-07-03,244.243
2017-07-04,244.243
2017-07-05,244.243
2017-07-06,244.243
2017-07-07,244.243
2017-07-10,244.243
2017-07-11,244.243
2017-07-12,244.243
2017-07-13,244.243
2017-07-14,244.243
2017-07-17,244.243
2017-07-18,244.243
2017-07-19,244.243
2017-07-20,244.243
2017-07-21,244.243
2017-07-24,244.243
2017-07-25,244.243
2017-07-26,244.243
2017-07-27,244.243
2017-07-28,244.243
2017-07-31,244.243
2017-08-01,245.183
2017-08-02,245.183
2017-08-03,245.183
2017-08-04,245.183
2017-08-07,245.183
2017-08-08,245.183
2017-08-09,245.183
2017-08-10,245.183
2017-08-11,245.183
2017-08-14,245.183
2017-08-15,245.183
2017-08-16,245.183
2017-08-17,245.183
2017-08-18,245.183
2017-08-21,245.183
2017-08-22,245.183
2017-08-23,245.183
2017-08-24,245.183
2017-08-25,245.183
2017-08-28,245.183
2017-08-29,245.183
2017-08-30,245.183
2017-08-31,245.183
2017-09-01,246.435
2017-09-04,246.435
2017-09-05,246.435
2017-09-06,246.435
2017-09-07,246.435
2017-09-08,246.435
2017-09-11,246.435
2017-09-12,246.435
2017-09-13,246.435
2017-09-14,246.435
2017-09-15,246.435
2017-09-18,246.435
2017-09-19,246.435
2017-09-20,246.435
2017-09-21,246.435
2017-09-22,246.435
2017-09-25,246.435
2017-09-26,246.435
2017-09-27,246.435
2017-09-28,246.435
2017-09-29,246.435
2017-10-02,246.626
2017-10-03,246.626
2017-10-04,246.626
2017-10-05,246.626
2017-10-06,246.626
2017-10-09,246.626
2017-10-10,246.626
2017-10-11,246.626
2017-10-12,246.626
2017-10-13,246.626
2017-10-16,246.626
2017-10-17,246.626
2017-10-18,246.626
2017-10-19,246.626
2017-10-20,246.626
2017-10-23,246.626
2017-10-24,246.626
2017-10-25,246.626
2017-10-26,246.626
2017-10-27,246.626
2017-10-30,246.626
2017-10-31,246.626
2017-11-01,247.284
2017-11-02,247.284
2017-11-03,247.284
2017-11-06,247.284
2017-11-07,247.284
2017-11-08,247.284
2017-11-09,247.284
2017-11-10,247.284
2017-11-13,247.284
2017-11-14,247.284
2017-11-15,247.284
2017-11-16,247.284
2017-11-17,247.284
2017-11-20,247.284
2017-11-21,247.284
2017-11-22,247.284
2017-11-23,247.284
2017-11-24,247.284
2017-11-27,247.284
2017-11-28,247.284
2017-11-29,247.284
2017-11-30,247.284
2017-12-01,247.805
2017-12-04,247.805
2017-12-05,247.805
2017-12-06,247.805
2017-12-07,247.805
2017-12-08,247.805
2017-12-11,247.805
2017-12-12,247.805
2017-12-13,247.805
2017-12-14,247.805
2017-12-15,247.805
2017-12-18,247.805
2017-12-19,247.805
2017-12-20,247.805
2017-12-21,247.805
2017-12-22,247.805
2017-12-25,247.805
2017-12-26,247.805
2017-12-27,247.805
2017-12-28,247.805
2017-12-29,247.805
2018-01-01,248.859
2018-01-02,248.859
2018-01-03,248.859
2018-01-04,248.859
2018-01-05,248.859
2018-01-08,248.859
2018-01-09,248.859
2018-01-10,248.859
2018-01-11,248.859
2018-01-12,248.859
2018-01-15,248.859
2018-01-16,248.859
2018-01-17,248.859
2018-01-18,248.859
2018-01-19,248.859
2018-01-22,248.859
2018-01-23,248.859
2018-01-24,248.859
2018-01-25,248.859
2018-01-26,248.859
2018-01-29,248.859
2018-01-30,248.859
2018-01-31,248.859
2018-02-01,249.529
2018-02-02,249.529
2018-02-05,249.529
2018-02-06,249.529
2018-02-07,249.529
2018-02-08,249.529
2018-02-09,249.529
2018-02-12,249.529
2018-02-13,249.529
2018-02-14,249.529
2018-02-15,249.529
2018-02-16,249.529
2018-02-19,249.529
2018-02-20,249.529
2018-02-21,249.529
2018-02-22,249.529
2018-02-23,249.529
2018-02-26,249.529
2018-02-27,249.529
2018-02-28,249.529
2018-03-01,249.577
2018-03-02,249.577
2018-03-05,249.577
2018-03-06,249.577
2018-03-07,249.577
2018-03-08,249.577
2018-03-09,249.577
2018-03-12,249.577
2018-03-13,249.577
2018-03-14,249.577
2018-03-15,249.577
2018-03-16,249.577
2018-03-19,249.577
2018-03-20,249.577
2018-03-21,249.577
2018-03-22,249.577
2018-03-23,249.577
2018-03-26,249.577
2018-03-27,249.577
2018-03-28,249.577
2018-03-29,249.577
2018-03-30,249.577
2018-04-02,250.227
2018-04-03,250.227
2018-04-04,250.227
2018-04-05,250.227
2018-04-06,250.227
2018-04-09,250.227
2018-04-10,250.227
2018-04-11,250.227
2018-04-12,250.227
2018-04-13,250.227
2018-04-16,250.227
2018-04-17,250.227
2018-04-18,250.227
2018-04-19,250.227
2018-04-20,250.227
2018-04-23,250.227
2018-04-24,250.227
2018-04-25,250.227
2018-04-26,250.227
2018-04-27,250.227
2018-04-30,250.227
2018-05-01,250.792
2018-05-02,250.792
2018-05-03,250.792
2018-05-04,250.792
2018-05-07,250.792
2018-05-08,250.792
2018-05-09,250.792
2018-05-10,250.792
2018-05-11,250.792
2018-05-14,250.792
2018-05-15,250.792
2018-05-16,250.792
2018-05-17,250.792
2018-05-18,250.792
2018-05-21,250.792
2018-05-22,250.792
2018-05-23,250.792
2018-05-24,250.792
2018-05-25,250.792
2018-05-28,250.792
2018-05-29,250.792
2018-05-30,250.792
2018-05-31,250.792
2018-06-01,251.018
2018-06-04,251.018
2018-06-05,251.018
2018-06-06,251.018
2018-06-07,251.018
2018-06-08,251.018
2018-06-11,251.018
2018-06-12,251.018
2018-06-13,251.018
2018-06-14,251.018
2018-06-15,251.018
2018-06-18,251.018
2018-06-19,251.018
2018-06-20,251.018
2018-06-21,251.018
2018-06-22,251.018
2018-06-25,251.018
2018-06-26,251.018
2018-06-27,251.018
2018-06-28,251.018
2018-06-29,251.018
2018-07-02,251.214
2018-07-03,251.214
2018-07-04,251.214
2018-07-05,251.214
2018-07-06,251.214
2018-07-09,251.214
2018-07-10,251.214
2018-07-11,251.214
2018-07-12,251.214
2018-07-13,251.214
2018-07-16,251.214
2018-07-17,251.214
2018-07-18,251.214
2018-07-19,251.214
2018-07-20,251.214
2018-07-23,251.214
2018-07-24,251.214
2018-07-25,251.214
2018-07-26,251.214
2018-07-27,251.214
2018-07-30,251.214
2018-07-31,251.214
2018-08-01,251.663
2018-08-02,251.663
2018-08-03,251.663
2018-08-06,251.663
2018-08-07,251.663
2018-08-08,251.663
2018-08-09,251.663
2018-08-10,251.663
2018-08-13,251.663
2018-08-14,251.663
2018-08-15,251.663
2018-08-16,251.663
2018-08-17,251.663
2018-08-20,251.663
2018-08-21,251.663
2018-08-22,251.663
2018-08-23,251.663
2018-08-24,251.663
2018-08-27,251.663
2018-08-28,251.663
2018-08-29,251.663
2018-08-30,251.663
2018-08-31,251.663
2018-09-03,252.182
2018-09-04,252.182
2018-09-05,252.182
2018-09-06,252.182
2018-09-07,252.182
2018-09-10,252.182
2018-09-11,252.182
2018-09-12,252.182
2018-09-13,252.182
2018-09-14,252.182
2018-09-17,252.182
2018-09-18,252.182
2018-09-19,252.182
2018-09-20,252.182
2018-09-21,252.182
2018-09-24,252.182
2018-09-25,252.182
2018-09-26,252.182
2018-09-27,252.182
2018-09-28,252.182
2018-10-01,252.772
2018-10-02,252.772
2018-10-03,252.772
2018-10-04,252.772
2018-10-05,252.772
2018-10-08,252.772
2018-10-09,252.772
2018-10-10,252.772
2018-10-11,252.772
2018-10-12,252.772
2018-10-15,252.772
2018-10-16,252.772
2018-10-17,252.772
2018-10-18,252.772
2018-10-19,252.772
2018-10-22,252.772
2018-10-23,252.772
2018-10-24,252.772
2018-10-25,252.772
2018-10-26,252.772
2018-10-29,252.772
2018-10-30,252.772
2018-10-31,252.772
2018-11-01,252.594
2018-11-02,252.594
2018-11-05,252.594
2018-11-06,252.594
2018-11-07,252.594
2018-11-08,252.594
2018-11-09,252.594
2018-11-12,252.594
2018-11-13,252.594
2018-11-14,252.594
2018-11-15,252.594
2018-11-16,252.594
2018-11-19,252.594
2018-11-20,252.594
2018-11-21,252.594
2018-11-22,252.594
2018-11-23,252.594
2018-11-26,252.594
2018-11-27,252.594
2018-11-28,252.594
2018-11-29,252.594
2018-11-30,252.594
2018-12-03,252.767
2018-12-04,252.767
2018-12-05,252.767
2018-12-06,252.767
2018-12-07,252.767
2018-12-10,252.767
2018-12-11,252.767
2018-12-12,252.767
2018-12-13,252.767
2018-12-14,252.767
2018-12-17,252.767
2018-12-18,252.767
2018-12-19,252.767
2018-12-20,252.767
2018-12-21,252.767
2018-12-24,252.767
2018-12-25,252.767
2018-12-26,252.767
2018-12-27,252.767
2018-12-28,252.767
2018-12-31,252.767
2019-01-01,252.561
2019-01-02,252.561
2019-01-03,252.561
2019-01-04,252.561
2019-01-07,252.561
2019-01-08,252.561
2019-01-09,252.561
2019-01-10,252.561
2019-01-11,252.561
2019-01-14,252.561
2019-01-15,252.561
2019-01-16,252.561
2019-01-17,252.561
2019-01-18,252.561
2019-01-21,252.561
2019-01-22,252.561
2019-01-23,252.561
2019-01-24,252.561
2019-01-25,252.561
2019-01-28,252.561
2019-01-29,252.561
2019-01-30,252.561
2019-01-31,252.561
2019-02-01,253.319
2019-02-04,253.319
2019-02-05,253.319
2019-02-06,253.319
2019-02-07,253.319
2019-02-08,253.319
2019-02-11,253.319
2019-02-12,253.319
2019-02-13,253.319
2019-02-14,253.319
2019-02-15,253.319
2019-02-18,253.319
2019-02-19,253.319
2019-02-20,253.319
2019-02-21,253.319
2019-02-22,253.319
2019-02-25,253.319
2019-02-26,253.319
2019-02-27,253.319
2019-02-28,253.319
2019-03-01,254.277
2019-03-04,254.277
2019-03-05,254.277
2019-03-06,254.277
2019-03-07,254.277
2019-03-08,254.277
2019-03-11,254.277
2019-03-12,254.277
2019-03-13,254.277
2019-03-14,254.277
2019-03-15,254.277
2019-03-18,254.277
2019-03-19,254.277
2019-03-20,254.277
2019-03-21,254.277
2019-03-22,254.277
2019-03-25,254.277
2019-03-26,254.277
2019-03-27,254.277
2019-03-28,254.277
2019-03-29,254.277
2019-04-01,255.233
2019-04-02,255.233
2019-04-03,255.233
2019-04-04,255.233
2019-04-05,255.233
2019-04-08,255.233
2019-04-09,255.233
2019-04-10,255.233
2019-04-11,255.233
2019-04-12,255.233
2019-04-15,255.233
2019-04-16,255.233
2019-04-17,255.233
2019-04-18,255.233
2019-04-19,255.233
2019-04-22,255.233
2019-04-23,255.233
2019-04-24,255.233
2019-04-25,255.233
2019-04-26,255.233
2019-04-29,255.233
2019-04-30,255.233
2019-05-01,255.296
2019-05-02,255.296
2019-05-03,255.296
2019-05-06,255.296
2019-05-07,255.296
2019-05-08,255.296
2019-05-09,255.296
2019-05-10,255.296
2019-05-13,255.296
2019-05-14,255.296
2019-05-15,255.296
2019-05-16,255.296
2019-05-17,255.296
2019-05-20,255.296
2019-05-21,255.296
2019-05-22,255.296
2019-05-23,255.296
2019-05-24,255.296
2019-05-27,255.296
2019-05-28,255.296
2019-05-29,255.296
2019-05-30,255.296
2019-05-31,255.296
2019-06-03,255.213
2019-06-04,255.213
2019-06-05,255.213
2019-06-06,255.213
2019-06-07,255.213
2019-06-10,255.213
2019-06-11,255.213
2019-06-12,255.213
2019-06-13,255.213
2019-06-14,255.213
2019-06-17,255.213
2019-06-18,255.213
2019-06-19,255.213
2019-06-20,255.213
2019-06-21,255.213
2019-06-24,255.213
2019-06-25,255.213
2019-06-26,255.213
2019-06-27,255.213
2019-06-28,255.213
2019-07-01,255.802
2019-07-02,255.802
2019-07-03,255.802
2019-07-04,255.802
2019-07-05,255.802
2019-07-08,255.802
2019-07-09,255.802
2019-07-10,255.802
2019-07-11,255.802
2019-07-12,255.802
2019-07-15,255.802
2019-07-16,255.802
2019-07-17,255.802
2019-07-18,255.802
2019-07-19,255.802
2019-07-22,255.802
2019-07-23,255.802
2019-07-24,255.802
2019-07-25,255.802
2019-07-26,255.802
2019-07-29,255.802
2019-07-30,255.802
2019-07-31,255.802
2019-08-01,256.036
2019-08-02,256.036
2019-08-05,256.036
2019-08-06,256.036
2019-08-07,256.036
2019-08-08,256.036
2019-08-09,256.036
2019-08-12,256.036
2019-08-13,256.036
2019-08-14,256.036
2019-08-15,256.036
2019-08-16,256.036
2019-08-19,256.036
2019-08-20,256.036
2019-08-21,256.036
2019-08-22,256.036
2019-08-23,256.036
2019-08-26,256.036
2019-08-27,256.036
2019-08-28,256.036
2019-08-29,256.036
2019-08-30,256.036
2019-09-02,256.43
2019-09-03,256.43
2019-09-04,256.43
2019-09-05,256.43
2019-09-06,256.43
2019-09-09,256.43
2019-09-10,256.43
2019-09-11,256.43
2019-09-12,256.43
2019-09-13,256.43
2019-09-16,256.43
2019-09-17,256.43
2019-09-18,256.43
2019-09-19,256.43
2019-09-20,256.43
2019-09-23,256.43
2019-09-24,256.43
2019-09-25,256.43
2019-09-26,256.43
2019-09-27,256.43
2019-09-30,256.43
2019-10-01,257.155
2019-10-02,257.155
2019-10-03,257.155
2019-10-04,257.155
2019-10-07,257.155
2019-10-08,257.155
2019-10-09,257.155
2019-10-10,257.155
2019-10-11,257.155
2019-10-14,257.155
2019-10-15,257.155
2019-10-16,257.155
2019-10-17,257.155
2019-10-18,257.155
2019-10-21,257.155
2019-10-22,257.155
2019-10-23,257.155
2019-10-24,257.155
2019-10-25,257.155
2019-10-28,257.155
2019-10-29,257.155
2019-10-30,257.155
2019-10-31,257.155
2019-11-01,257.879
2019-11-04,257.879
2019-11-05,257.879
2019-11-06,257.879
2019-11-07,257.879
2019-11-08,257.879
2019-11-11,257.879
2019-11-12,257.879
2019-11-13,257.879
2019-11-14,257.879
2019-11-15,257.879
2019-11-18,257.879
2019-11-19,257.879
2019-11-20,257.879
2019-11-21,257.879
2019-11-22,257.879
2019-11-25,257.879
2019-11-26,257.879
2019-11-27,257.879
2019-11-28,257.879
2019-11-29,257.879
2019-12-02,258.63
2019-12-03,258.63
2019-12-04,258.63
2019-12-05,258.63
2019-12-06,258.63
2019-12-09,258.63
2019-12-10,258.63
2019-12-11,258.63
2019-12-12,258.63
2019-12-13,258.63
2019-12-16,258.63
2019-12-17,258.63
2019-12-18,258.63
2019-12-19,258.63
2019-12-20,258.63
2019-12-23,258.63
2019-12-24,258.63
2019-12-25,258.63
2019-12-26,258.63
2019-12-27,258.63
2019-12-30,258.63
2019-12-31,258.63
2020-01-01,259.127
2020-01-02,259.127
2020-01-03,259.127
2020-01-06,259.127
2020-01-07,259.127
2020-01-08,259.127
2020-01-09,259.127
2020-01-10,259.127
2020-01-13,259.127
2020-01-14,259.127
2020-01-15,259.127
2020-01-16,259.127
2020-01-17,259.127
2020-01-20,259.127
2020-01-21,259.127
2020-01-22,259.127
2020-01-23,259.127
2020-01-24,259.127
2020-01-27,259.127
2020-01-28,259.127
2020-01-29,259.127
2020-01-30,259.127
2020-01-31,259.127
2020-02-03,259.25
2020-02-04,259.25
2020-02-05,259.25
2020-02-06,259.25
2020-02-07,259.25
2020-02-10,259.25
2020-02-11,259.25
2020-02-12,259.25
2020-02-13,259.25
2020-02-14,259.25
2020-02-17,259.25
2020-02-18,259.25
2020-02-19,259.25
2020-02-20,259.25
2020-02-21,259.25
2020-02-24,259.25
2020-02-25,259.25
2020-02-26,259.25
2020-02-27,259.25
2020-02-28,259.25
2020-03-02,258.076
2020-03-03,258.076
2020-03-04,258.076
2020-03-05,258.076
2020-03-06,258.076
2020-03-09,258.076
2020-03-10,258.076
2020-03-11,258.076
2020-03-12,258.076
2020-03-13,258.076
2020-03-16,258.076
2020-03-17,258.076
2020-03-18,258.076
2020-03-19,258.076
2020-03-20,258.076
2020-03-23,258.076
2020-03-24,258.076
2020-03-25,258.076
2020-03-26,258.076
2020-03-27,258.076
2020-03-30,258.076
2020-03-31,258.076
2020-04-01,256.032
2020-04-02,256.032
2020-04-03,256.032
2020-04-06,256.032
2020-04-07,256.032
2020-04-08,256.032
2020-04-09,256.032
2020-04-10,256.032
2020-04-13,256.032
2020-04-14,256.032
2020-04-15,256.032
2020-04-16,256.032
2020-04-17,256.032
2020-04-20,256.032
2020-04-21,256.032
2020-04-22,256.032
2020-04-23,256.032
2020-04-24,256.032
2020-04-27,256.032
2020-04-28,256.032
2020-04-29,256.032
2020-04-30,256.032
2020-05-01,255.802
2020-05-04,255.802
2020-05-05,255.802
2020-05-06,255.802
2020-05-07,255.802
2020-05-08,255.802
2020-05-11,255.802
2020-05-12,255.802
2020-05-13,255.802
2020-05-14,255.802
2020-05-15,255.802
2020-05-18,255.802
2020-05-19,255.802
2020-05-20,255.802
2020-05-21,255.802
2020-05-22,255.802
2020-05-25,255.802
2020-05-26,255.802
2020-05-27,255.802
2020-05-28,255.802
2020-05-29,255.802
2020-06-01,257.042
2020-06-02,257.042
2020-06-03,257.042
2020-06-04,257.042
2020-06-05,257.042
2020-06-08,257.042
2020-06-09,257.042
2020-06-10,257.042
2020-06-11,257.042
2020-06-12,257.042
2020-06-15,257.042
2020-06-16,257.042
2020-06-17,257.042
2020-06-18,257.042
2020-06-19,257.042
2020-06-22,257.042
2020-06-23,257.042
2020-06-24,257.042
2020-06-25,257.042
2020-06-26,257.042
2020-06-29,257.042
2020-06-30,257.042
2020-07-01,258.352
2020-07-02,258.352
2020-07-03,258.352
2020-07-06,258.352
2020-07-07,258.352
2020-07-08,258.352
2020-07-09,258.352
2020-07-10,258.352
2020-07-13,258.352
2020-07-14,258.352
2020-07-15,258.352
2020-07-16,258.352
2020-07-17,258.352
2020-07-20,258.352
2020-07-21,258.352
2020-07-22,258.352
2020-07-23,258.352
2020-07-24,258.352
2020-07-27,258.352
2020-07-28,258.352
2020-07-29,258.352
2020-07-30,258.352
2020-07-31,258.352
2020-08-03,259.316
2020-08-04,259.316
2020-08-05,259.316
2020-08-06,259.316
2020-08-07,259.316
2020-08-10,259.316
2020-08-11,259.316
2020-08-12,259.316
2020-08-13,259.316
2020-08-14,259.316
2020-08-17,259.316
2020-08-18,259.316
2020-08-19,259.316
2020-08-20,259.316
2020-08-21,259.316
2020-08-24,259.316
2020-08-25,259.316
2020-08-26,259.316
2020-08-27,259.316
2020-08-28,259.316
2020-08-31,259.316
2020-09-01,259.997
2020-09-02,259.997
2020-09-03,259.997
2020-09-04,259.997
2020-09-07,259.997
2020-09-08,259.997
2020-09-09,259.997
2020-09-10,259.997
2020-09-11,259.997
2020-09-14,259.997
2020-09-15,259.997
2020-09-16,259.997
2020-09-17,259.997
2020-09-18,259.997
2020-09-21,259.997
2020-09-22,259.997
2020-09-23,259.997
2020-09-24,259.997
2020-09-25,259.997
2020-09-28,259.997
2020-09-29,259.997
2020-09-30,259.997
2020-10-01,260.319
2020-10-02,260.319
2020-10-05,260.319
2020-10-06,260.319
2020-10-07,260.319
2020-10-08,260.319
2020-10-09,260.319
2020-10-12,260.319
2020-10-13,260.319
2020-10-14,260.319
2020-10-15,260.319
2020-10-16,260.319
2020-10-19,260.319
2020-10-20,260.319
2020-10-21,260.319
2020-10-22,260.319
2020-10-23,260.319
2020-10-26,260.319
2020-10-27,260.319
2020-10-28,260.319
2020-10-29,260.319
2020-10-30,260.319
2020-11-02,260.911
2020-11-03,260.911
2020-11-04,260.911
2020-11-05,260.911
2020-11-06,260.911
2020-11-09,260.911
2020-11-10,260.911
2020-11-11,260.911
2020-11-12,260.911
2020-11-13,260.911
2020-11-16,260.911
2020-11-17,260.911
2020-11-18,260.911
2020-11-19,260.911
2020-11-20,260.911
2020-11-23,260.911
2020-11-24,260.911
2020-11-25,260.911
2020-11-26,260.911
2020-11-27,260.911
2020-11-30,260.911
2020-12-01,262.045
2020-12-02,262.045
2020-12-03,262.045
2020-12-04,262.045
2020-12-07,262.045
2020-12-08,262.045
2020-12-09,262.045
2020-12-10,262.045
2020-12-11,262.045
2020-12-14,262.045
2020-12-15,262.045
2020-12-16,262.045
2020-12-17,262.045
2020-12-18,262.045
2020-12-21,262.045
2020-12-22,262.045
2020-12-23,262.045
2020-12-24,262.045
2020-12-25,262.045
2020-12-28,262.045
2020-12-29,262.045
2020-12-30,262.045
2020-12-31,262.045
2021-01-01,262.687
2021-01-04,262.687
2021-01-05,262.687
2021-01-06,262.687
2021-01-07,262.687
2021-01-08,262.687
2021-01-11,262.687
2021-01-12,262.687
2021-01-13,262.687
2021-01-14,262.687
2021-01-15,262.687
2021-01-18,262.687
2021-01-19,262.687
2021-01-20,262.687
2021-01-21,262.687
2021-01-22,262.687
2021-01-25,262.687
2021-01-26,262.687
2021-01-27,262.687
2021-01-28,262.687
2021-01-29,262.687
2021-02-01,263.579
2021-02-02,263.579
2021-02-03,263.579
2021-02-04,263.579
2021-02-05,263.579
2021-02-08,263.579
2021-02-09,263.579
2021-02-10,263.579
2021-02-11,263.579
2021-02-12,263.579
2021-02-15,263.579
2021-02-16,263.579
2021-02-17,263.579
2021-02-18,263.579
2021-02-19,263.579
2021-02-22,263.579
2021-02-23,263.579
2021-02-24,263.579
2021-02-25,263.579
2021-02-26,263.579
2021-03-01,264.961
2021-03-02,264.961
2021-03-03,264.961
2021-03-04,264.961
2021-03-05,264.961
2021-03-08,264.961
2021-03-09,264.961
2021-03-10,264.961
2021-03-11,264.961
2021-03-12,264.961
2021-03-15,264.961
2021-03-16,264.961
2021-03-17,264.961
2021-03-18,264.961
2021-03-19,264.961
2021-03-22,264.961
2021-03-23,264.961
2021-03-24,264.961
2021-03-25,264.961
2021-03-26,264.961
2021-03-29,264.961
2021-03-30,264.961
2021-03-31,264.961
2021-04-01,266.614
2021-04-02,266.614
2021-04-05,266.614
2021-04-06,266.614
2021-04-07,266.614
2021-04-08,266.614
2021-04-09,266.614
2021-04-12,266.614
2021-04-13,266.614
2021-04-14,266.614
2021-04-15,266.614
2021-04-16,266.614
2021-04-19,266.614
2021-04-20,266.614
2021-04-21,266.614
2021-04-22,266.614
2021-04-23,266.614
2021-04-26,266.614
2021-04-27,266.614
2021-04-28,266.614
2021-04-29,266.614
2021-04-30,266.614
2021-05-03,268.383
2021-05-04,268.383
2021-05-05,268.383
2021-05-06,268.383
2021-05-07,268.383
2021-05-10,268.383
2021-05-11,268.383
2021-05-12,268.383
2021-05-13,268.383
2021-05-14,268.383
2021-05-17,268.383
2021-05-18,268.383
2021-05-19,268.383
2021-05-20,268.383
2021-05-21,268.383
2021-05-24,268.383
2021-05-25,268.383
2021-05-26,268.383
2021-05-27,268.383
2021-05-28,268.383
2021-05-31,268.383
2021-06-01,270.654
2021-06-02,270.654
2021-06-03,270.654
2021-06-04,270.654
2021-06-07,270.654
2021-06-08,270.654
2021-06-09,270.654
2021-06-10,270.654
2021-06-11,270.654
2021-06-14,270.654
2021-06-15,270.654
2021-06-16,270.654
2021-06-17,270.654
2021-06-18,270.654
2021-06-21,270.654
2021-06-22,270.654
2021-06-23,270.654
2021-06-24,270.654
2021-06-25,270.654
2021-06-28,270.654
2021-06-29,270.654
2021-06-30,270.654
2021-07-01,271.903
2021-07-02,271.903
2021-07-05,271.903
2021-07-06,271.903
2021-07-07,271.903
2021-07-08,271.903
2021-07-09,271.903
2021-07-12,271.903
2021-07-13,271.903
2021-07-14,271.903
2021-07-15,271.903
2021-07-16,271.903
2021-07-19,271.903
2021-07-20,271.903
2021-07-21,271.903
2021-07-22,271.903
2021-07-23,271.903
2021-07-26,271.903
2021-07-27,271.903
2021-07-28,271.903
2021-07-29,271.903
2021-07-30,271.903
2021-08-02,272.676
2021-08-03,272.676
2021-08-04,272.676
2021-08-05,272.676
2021-08-06,272.676
2021-08-09,272.676
2021-08-10,272.676
2021-08-11,272.676
2021-08-12,272.676
2021-08-13,272.676
2021-08-16,272.676
2021-08-17,272.676
2021-08-18,272.676
2021-08-19,272.676
2021-08-20,272.676
2021-08-23,272.676
2021-08-24,272.676
2021-08-25,272.676
2021-08-26,272.676
2021-08-27,272.676
2021-08-30,272.676
2021-08-31,272.676
2021-09-01,273.91
2021-09-02,273.91
2021-09-03,273.91
2021-09-06,273.91
2021-09-07,273.91
2021-09-08,273.91
2021-09-09,273.91
2021-09-10,273.91
2021-09-13,273.91
2021-09-14,273.91
2021-09-15,273.91
2021-09-16,273.91
2021-09-17,273.91
2021-09-20,273.91
2021-09-21,273.91
2021-09-22,273.91
2021-09-23,273.91
2021-09-24,273.91
2021-09-27,273.91
2021-09-28,273.91
2021-09-29,273.91
2021-09-30,273.91
2021-10-01,276.55
2021-10-04,276.55
2021-10-05,276.55
2021-10-06,276.55
2021-10-07,276.55
2021-10-08,276.55
2021-10-11,276.55
2021-10-12,276.55
2021-10-13,276.55
2021-10-14,276.55
2021-10-15,276.55
2021-10-18,276.55
2021-10-19,276.55
2021-10-20,276.55
2021-10-21,276.55
2021-10-22,276.55
2021-10-25,276.55
2021-10-26,276.55
2021-10-27,276.55
2021-10-28,276.55
2021-10-29,276.55
2021-11-01,278.919
2021-11-02,278.919
2021-11-03,278.919
2021-11-04,278.919
2021-11-05,278.919
2021-11-08,278.919
2021-11-09,278.919
2021-11-10,278.919
2021-11-11,278.919
2021-11-12,278.919
2021-11-15,278.919
2021-11-16,278.919
2021-11-17,278.919
2021-11-18,278.919
2021-11-19,278.919
2021-11-22,278.919
2021-11-23,278.919
2021-11-24,278.919
2021-11-25,278.919
2021-11-26,278.919
2021-11-29,278.919
2021-11-30,278.919
2021-12-01,280.845
2021-12-02,280.845
2021-12-03,280.845
2021-12-06,280.845
2021-12-07,280.845
2021-12-08,280.845
2021-12-09,280.845
2021-12-10,280.845
2021-12-13,280.845
2021-12-14,280.845
2021-12-15,280.845
2021-12-16,280.845
2021-12-17,280.845
2021-12-20,280.845
2021-12-21,280.845
2021-12-22,280.845
2021-12-23,280.845
2021-12-24,280.845
2021-12-27,280.845
2021-12-28,280.845
2021-12-29,280.845
2021-12-30,280.845
2021-12-31,280.845
2022-01-03,282.543
2022-01-04,282.543
2022-01-05,282.543
2022-01-06,282.543
2022-01-07,282.543
2022-01-10,282.543
2022-01-11,282.543
2022-01-12,282.543
2022-01-13,282.543
2022-01-14,282.543
2022-01-17,282.543
2022-01-18,282.543
2022-01-19,282.543
2022-01-20,282.543
2022-01-21,282.543
2022-01-24,282.543
2022-01-25,282.543
2022-01-26,282.543
2022-01-27,282.543
2022-01-28,282.543
2022-01-31,282.543
2022-02-01,284.5
2022-02-02,284.5
2022-02-03,284.5
2022-02-04,284.5
2022-02-07,284.5
2022-02-08,284.5
2022-02-09,284.5
2022-02-10,284.5
2022-02-11,284.5
2022-02-14,284.5
2022-02-15,284.5
2022-02-16,284.5
2022-02-17,284.5
2022-02-18,284.5
2022-02-21,284.5
2022-02-22,284.5
2022-02-23,284.5
2022-02-24,284.5
2022-02-25,284.5
2022-02-28,284.5
2022-03-01,287.674
2022-03-02,287.674
2022-03-03,287.674
2022-03-04,287.674
2022-03-07,287.674
2022-03-08,287.674
2022-03-09,287.674
2022-03-10,287.674
2022-03-11,287.674
2022-03-14,287.674
2022-03-15,287.674
2022-03-16,287.674
2022-03-17,287.674
2022-03-18,287.674
2022-03-21,287.674
2022-03-22,287.674
2022-03-23,287.674
2022-03-24,287.674
2022-03-25,287.674
2022-03-28,287.674
2022-03-29,287.674
2022-03-30,287.674
2022-03-31,287.674
2022-04-01,288.561
2022-04-04,288.561
2022-04-05,288.561
2022-04-06,288.561
2022-04-07,288.561
2022-04-08,288.561
2022-04-11,288.561
2022-04-12,288.561
2022-04-13,288.561
2022-04-14,288.561
2022-04-15,288.561
2022-04-18,288.561
2022-04-19,288.561
2022-04-20,288.561
2022-04-21,288.561
2022-04-22,288.561
2022-04-25,288.561
2022-04-26,288.561
2022-04-27,288.561
2022-04-28,288.561
2022-04-29,288.561
2022-05-02,291.298
2022-05-03,291.298
2022-05-04,291.298
2022-05-05,291.298
2022-05-06,291.298
2022-05-09,291.298
2022-05-10,291.298
2022-05-11,291.298
2022-05-12,291.298
2022-05-13,291.298
2022-05-16,291.298
2022-05-17,291.298
2022-05-18,291.298
2022-05-19,291.298
2022-05-20,291.298
2022-05-23,291.298
2022-05-24,291.298
2022-05-25,291.298
2022-05-26,291.298
2022-05-27,291.298
2022-05-30,291.298
2022-05-31,291.298
2022-06-01,294.957
2022-06-02,294.957
2022-06-03,294.957
2022-06-06,294.957
2022-06-07,294.957
2022-06-08,294.957
2022-06-09,294.957
2022-06-10,294.957
2022-06-13,294.957
2022-06-14,294.957
2022-06-15,294.957
2022-06-16,294.957
2022-06-17,294.957
2022-06-20,294.957
2022-06-21,294.957
2022-06-22,294.957
2022-06-23,294.957
2022-06-24,294.957
2022-06-27,294.957
2022-06-28,294.957
2022-06-29,294.957
2022-06-30,294.957
2022-07-01,294.913
2022-07-04,294.913
2022-07-05,294.913
2022-07-06,294.913
2022-07-07,294.913
2022-07-08,294.913
2022-07-11,294.913
2022-07-12,294.913
2022-07-13,294.913
2022-07-14,294.913
2022-07-15,294.913
2022-07-18,294.913
2022-07-19,294.913
2022-07-20,294.913
2022-07-21,294.913
2022-07-22,294.913
2022-07-25,294.913
2022-07-26,294.913
2022-07-27,294.913
2022-07-28,294.913
2022-07-29,294.913
2022-08-01,295.097
2022-08-02,295.097
2022-08-03,295.097
2022-08-04,295.097
2022-08-05,295.097
2022-08-08,295.097
2022-08-09,295.097
2022-08-10,295.097
2022-08-11,295.097
2022-08-12,295.097
2022-08-15,295.097
2022-08-16,295.097
2022-08-17,295.097
2022-08-18,295.097
2022-08-19,295.097
2022-08-22,295.097
2022-08-23,295.097
2022-08-24,295.097
2022-08-25,295.097
2022-08-26,295.097
2022-08-29,295.097
2022-08-30,295.097
2022-08-31,295.097
2022-09-01,296.349
2022-09-02,296.349
2022-09-05,296.349
2022-09-06,296.349
2022-09-07,296.349
2022-09-08,296.349
2022-09-09,296.349
2022-09-12,296.349
2022-09-13,296.349
2022-09-14,296.349
2022-09-15,296.349
2022-09-16,296.349
2022-09-19,296.349
2022-09-20,296.349
2022-09-21,296.349
2022-09-22,296.349
2022-09-23,296.349
2022-09-26,296.349
2022-09-27,296.349
2022-09-28,296.349
2022-09-29,296.349
2022-09-30,296.349
2022-10-03,298.007
2022-10-04,298.007
2022-10-05,298.007
2022-10-06,298.007
2022-10-07,298.007
2022-10-10,298.007
2022-10-11,298.007
2022-10-12,298.007
2022-10-13,298.007
2022-10-14,298.007
2022-10-17,298.007
2022-10-18,298.007
2022-10-19,298.007
2022-10-20,298.007
2022-10-21,298.007
2022-10-24,298.007
2022-10-25,298.007
2022-10-26,298.007
2022-10-27,298.007
2022-10-28,298.007
2022-10-31,298.007
2022-11-01,298.786
2022-11-02,298.786
2022-11-03,298.786
2022-11-04,298.786
2022-11-07,298.786
2022-11-08,298.786
2022-11-09,298.786
2022-11-10,298.786
2022-11-11,298.786
2022-11-14,298.786
2022-11-15,298.786
2022-11-16,298.786
2022-11-17,298.786
2022-11-18,298.786
2022-11-21,298.786
2022-11-22,298.786
2022-11-23,298.786
2022-11-24,298.786
2022-11-25,298.786
2022-11-28,298.786
2022-11-29,298.786
2022-11-30,298.786
2022-12-01,298.832
2022-12-02,298.832
2022-12-05,298.832
2022-12-06,298.832
2022-12-07,298.832
2022-12-08,298.832
2022-12-09,298.832
2022-12-12,298.832
2022-12-13,298.832
2022-12-14,298.832
2022-12-15,298.832
2022-12-16,298.832
2022-12-19,298.832
2022-12-20,298.832
2022-12-21,298.832
2022-12-22,298.832
2022-12-23,298.832
2022-12-26,298.832
2022-12-27,298.832
2022-12-28,298.832
2022-12-29,298.832
2022-12-30,298.832
2023-01-02,300.42
2023-01-03,300.42
2023-01-04,300.42
2023-01-05,300.42
2023-01-06,300.42
2023-01-09,300.42
2023-01-10,300.42
2023-01-11,300.42
2023-01-12,300.42
2023-01-13,300.42
2023-01-16,300.42
2023-01-17,300.42
2023-01-18,300.42
2023-01-19,300.42
2023-01-20,300.42
2023-01-23,300.42
2023-01-24,300.42
2023-01-25,300.42
2023-01-26,300.42
2023-01-27,300.42
2023-01-30,300.42
2023-01-31,300.42
2023-02-01,301.45
2023-02-02,301.45
2023-02-03,301.45
2023-02-06,301.45
2023-02-07,301.45
2023-02-08,301.45
2023-02-09,301.45
2023-02-10,301.45
2023-02-13,301.45
2023-02-14,301.45
2023-02-15,301.45
2023-02-16,301.45
2023-02-17,301.45
2023-02-20,301.45
2023-02-21,301.45
2023-02-22,301.45
2023-02-23,301.45
2023-02-24,301.45
2023-02-27,301.45
2023-02-28,301.45
2023-03-01,301.821
2023-03-02,301.821
2023-03-03,301.821
2023-03-06,301.821
2023-03-07,301.821
2023-03-08,301.821
2023-03-09,301.821
2023-03-10,301.821
2023-03-13,301.821
2023-03-14,301.821
2023-03-15,301.821
2023-03-16,301.821
2023-03-17,301.821
2023-03-20,301.821
2023-03-21,301.821
2023-03-22,301.821
2023-03-23,301.821
2023-03-24,301.821
2023-03-27,301.821
2023-03-28,301.821
2023-03-29,301.821
2023-03-30,301.821
2023-03-31,301.821
2023-04-03,302.845
2023-04-04,302.845
2023-04-05,302.845
2023-04-06,302.845
2023-04-07,302.845
2023-04-10,302.845
2023-04-11,302.845
2023-04-12,302.845
2023-04-13,302.845
2023-04-14,302.845
2023-04-17,302.845
2023-04-18,302.845
2023-04-19,302.845
2023-04-20,302.845
2023-04-21,302.845
2023-04-24,302.845
2023-04-25,302.845
2023-04-26,302.845
2023-04-27,302.845
2023-04-28,302.845
2023-05-01,303.334
2023-05-02,303.334
2023-05-03,303.334
2023-05-04,303.334
2023-05-05,303.334
2023-05-08,303.334
2023-05-09,303.334
2023-05-10,303.334
2023-05-11,303.334
2023-05-12,303.334
2023-05-15,303.334
2023-05-16,303.334
2023-05-17,303.334
2023-05-18,303.334
2023-05-19,303.334
2023-05-22,303.334
2023-05-23,303.334
2023-05-24,303.334
2023-05-25,303.334
2023-05-26,303.334
2023-05-29,303.334
2023-05-30,303.334
2023-05-31,303.334
2023-06-01,304.014
2023-06-02,304.014
2023-06-05,304.014
2023-06-06,304.014
2023-06-07,304.014
2023-06-08,304.014
2023-06-09,304.014
2023-06-12,304.014
2023-06-13,304.014
2023-06-14,304.014
2023-06-15,304.014
2023-06-16,304.014
2023-06-19,304.014
2023-06-20,304.014
2023-06-21,304.014
2023-06-22,304.014
2023-06-23,304.014
2023-06-26,304.014
2023-06-27,304.014
2023-06-28,304.014
2023-06-29,304.014
2023-06-30,304.014
2023-07-03,304.609
2023-07-04,304.609
2023-07-05,304.609
2023-07-06,304.609
2023-07-07,304.609
2023-07-10,304.609
2023-07-11,304.609
2023-07-12,304.609
2023-07-13,304.609
2023-07-14,304.609
2023-07-17,304.609
2023-07-18,304.609
2023-07-19,304.609
2023-07-20,304.609
2023-07-21,304.609
2023-07-24,304.609
2023-07-25,304.609
2023-07-26,304.609
2023-07-27,304.609
2023-07-28,304.609
2023-07-31,304.609
2023-08-01,306.082
2023-08-02,306.082
2023-08-03,306.082
2023-08-04,306.082
2023-08-07,306.082
2023-08-08,306.082
2023-08-09,306.082
2023-08-10,306.082
2023-08-11,306.082
2023-08-14,306.082
2023-08-15,306.082
2023-08-16,306.082
2023-08-17,306.082
2023-08-18,306.082
2023-08-21,306.082
2023-08-22,306.082
2023-08-23,306.082
2023-08-24,306.082
2023-08-25,306.082
2023-08-28,306.082
2023-08-29,306.082
2023-08-30,306.082
2023-08-31,306.082
2023-09-01,307.276
2023-09-04,307.276
2023-09-05,307.276
2023-09-06,307.276
2023-09-07,307.276
2023-09-08,307.276
2023-09-11,307.276
2023-09-12,307.276
2023-09-13,307.276
2023-09-14,307.276
2023-09-15,307.276
2023-09-18,307.276
2023-09-19,307.276
2023-09-20,307.276
2023-09-21,307.276
2023-09-22,307.276
2023-09-25,307.276
2023-09-26,307.276
2023-09-27,307.276
2023-09-28,307.276
2023-09-29,307.276
2023-10-02,307.696
2023-10-03,307.696
2023-10-04,307.696
2023-10-05,307.696
2023-10-06,307.696
2023-10-09,307.696
2023-10-10,307.696
2023-10-11,307.696
2023-10-12,307.696
2023-10-13,307.696
2023-10-16,307.696
2023-10-17,307.696
2023-10-18,307.696
2023-10-19,307.696
2023-10-20,307.696
2023-10-23,307.696
2023-10-24,307.696
2023-10-25,307.696
2023-10-26,307.696
2023-10-27,307.696
2023-10-30,307.696
2023-10-31,307.696
2023-11-01,308.148
2023-11-02,308.148
2023-11-03,308.148
2023-11-06,308.148
2023-11-07,308.148
2023-11-08,308.148
2023-11-09,308.148
2023-11-10,308.148
2023-11-13,308.148
2023-11-14,308.148
2023-11-15,308.148
2023-11-16,308.148
2023-11-17,308.148
2023-11-20,308.148
2023-11-21,308.148
2023-11-22,308.148
2023-11-23,308.148
2023-11-24,308.148
2023-11-27,308.148
2023-11-28,308.148
2023-11-29,308.148
2023-11-30,308.148
2023-12-01,308.741
2023-12-04,308.741
2023-12-05,308.741
2023-12-06,308.741
2023-12-07,308.741
2023-12-08,308.741
2023-12-11,308.741
2023-12-12,308.741
2023-12-13,308.741
2023-12-14,308.741
2023-12-15,308.741
2023-12-18,308.741
2023-12-19,308.741
2023-12-20,308.741
2023-12-21,308.741
2023-12-22,308.741
2023-12-25,308.741
2023-12-26,308.741
2023-12-27,308.741
2023-12-28,308.741
2023-12-29,308.741
2024-01-01,309.698
2024-01-02,309.698
2024-01-03,309.698
2024-01-04,309.698
2024-01-05,309.698
2024-01-08,309.698
2024-01-09,309.698
2024-01-10,309.698
2024-01-11,309.698
2024-01-12,309.698
2024-01-15,309.698
2024-01-16,309.698
2024-01-17,309.698
2024-01-18,309.698
2024-01-19,309.698
2024-01-22,309.698
2024-01-23,309.698
2024-01-24,309.698
2024-01-25,309.698
2024-01-26,309.698
2024-01-29,309.698
2024-01-30,309.698
2024-01-31,309.698
2024-02-01,310.967
2024-02-02,310.967
2024-02-05,310.967
2024-02-06,310.967
2024-02-07,310.967
2024-02-08,310.967
2024-02-09,310.967
2024-02-12,310.967
2024-02-13,310.967
2024-02-14,310.967
2024-02-15,310.967
2024-02-16,310.967
2024-02-19,310.967
2024-02-20,310.967
2024-02-21,310.967
2024-02-22,310.967
2024-02-23,310.967
2024-02-26,310.967
2024-02-27,310.967
2024-02-28,310.967
2024-02-29,310.967
2024-03-01,312.345
2024-03-04,312.345
2024-03-05,312.345
2024-03-06,312.345
2024-03-07,312.345
2024-03-08,312.345
2024-03-11,312.345
2024-03-12,312.345
2024-03-13,312.345
2024-03-14,312.345
2024-03-15,312.345
2024-03-18,312.345
2024-03-19,312.345
2024-03-20,312.345
2024-03-21,312.345
2024-03-22,312.345
2024-03-25,312.345
2024-03-26,312.345
2024-03-27,312.345
2024-03-28,312.345
2024-03-29,312.345
2024-04-01,313.023
2024-04-02,313.023
2024-04-03,313.023
2024-04-04,313.023
2024-04-05,313.023
2024-04-08,313.023
2024-04-09,313.023
2024-04-10,313.023
2024-04-11,313.023
2024-04-12,313.023
2024-04-15,313.023
2024-04-16,313.023
2024-04-17,313.023
2024-04-18,313.023
2024-04-19,313.023
2024-04-22,313.023
2024-04-23,313.023
2024-04-24,313.023
2024-04-25,313.023
2024-04-26,313.023
2024-04-29,313.023
2024-04-30,313.023
2024-05-01,313.175
2024-05-02,313.175
2024-05-03,313.175
2024-05-06,313.175
2024-05-07,313.175
2024-05-08,313.175
2024-05-09,313.175
2024-05-10,313.175
2024-05-13,313.175
2024-05-14,313.175
2024-05-15,313.175
2024-05-16,313.175
2024-05-17,313.175
2024-05-20,313.175
2024-05-21,313.175
2024-05-22,313.175
2024-05-23,313.175
2024-05-24,313.175
2024-05-27,313.175
2024-05-28,313.175
2024-05-29,313.175
2024-05-30,313.175
2024-05-31,313.175
2024-06-03,313.044
2024-06-04,313.044
2024-06-05,313.044
2024-06-06,313.044
2024-06-07,313.044
2024-06-10,313.044
2024-06-11,313.044
2024-06-12,313.044
2024-06-13,313.044
2024-06-14,313.044
2024-06-17,313.044
2024-06-18,313.044
2024-06-19,313.044
2024-06-20,313.044
2024-06-21,313.044
2024-06-24,313.044
2024-06-25,313.044
2024-06-26,313.044
2024-06-27,313.044
2024-06-28,313.044
2024-07-01,313.569
2024-07-02,313.569
2024-07-03,313.569
2024-07-04,313.569
2024-07-05,313.569
2024-07-08,313.569
2024-07-09,313.569
2024-07-10,313.569
2024-07-11,313.569
2024-07-12,313.569
2024-07-15,313.569
2024-07-16,313.569
2024-07-17,313.569
2024-07-18,313.569
2024-07-19,313.569
2024-07-22,313.569
2024-07-23,313.569
2024-07-24,313.569
2024-07-25,313.569
2024-07-26,313.569
2024-07-29,313.569
2024-07-30,313.569
2024-07-31,313.569
2024-08-01,314.062
2024-08-02,314.062
2024-08-05,314.062
2024-08-06,314.062
2024-08-07,314.062
2024-08-08,314.062
2024-08-09,314.062
2024-08-12,314.062
2024-08-13,314.062
2024-08-14,314.062
2024-08-15,314.062
2024-08-16,314.062
2024-08-19,314.062
2024-08-20,314.062
2024-08-21,314.062
2024-08-22,314.062
2024-08-23,314.062
2024-08-26,314.062
2024-08-27,314.062
2024-08-28,314.062
2024-08-29,314.062
2024-08-30,314.062
2024-09-02,314.732
2024-09-03,314.732
2024-09-04,314.732
2024-09-05,314.732
2024-09-06,314.732
2024-09-09,314.732
2024-09-10,314.732
2024-09-11,314.732
2024-09-12,314.732
2024-09-13,314.732
2024-09-16,314.732
2024-09-17,314.732
2024-09-18,314.732
2024-09-19,314.732
2024-09-20,314.732
2024-09-23,314.732
2024-09-24,314.732
2024-09-25,314.732
2024-09-26,314.732
2024-09-27,314.732
2024-09-30,314.732
2024-10-01,315.631
2024-10-02,315.631
2024-10-03,315.631
2024-10-04,315.631
2024-10-07,315.631
2024-10-08,315.631
2024-10-09,315.631
2024-10-10,315.631
2024-10-11,315.631
2024-10-14,315.631
2024-10-15,315.631
2024-10-16,315.631
2024-10-17,315.631
2024-10-18,315.631
2024-10-21,315.631
2024-10-22,315.631
2024-10-23,315.631
2024-10-24,315.631
2024-10-25,315.631
2024-10-28,315.631
2024-10-29,315.631
2024-10-30,315.631
2024-10-31,315.631
2024-11-01,316.528
2024-11-04,316.528
2024-11-05,316.528
2024-11-06,316.528
2024-11-07,316.528
2024-11-08,316.528
2024-11-11,316.528
2024-11-12,316.528
2024-11-13,316.528
2024-11-14,316.528
2024-11-15,316.528
2024-11-18,316.528
2024-11-19,316.528
2024-11-20,316.528
2024-11-21,316.528
2024-11-22,316.528
2024-11-25,316.528
2024-11-26,316.528
2024-11-27,316.528
2024-11-28,316.528
2024-11-29,316.528
2024-12-02,317.604
2024-12-03,317.604
2024-12-04,317.604
2024-12-05,317.604
2024-12-06,317.604
2024-12-09,317.604
2024-12-10,317.604
2024-12-11,317.604
2024-12-12,317.604
2024-12-13,317.604
2024-12-16,317.604
2024-12-17,317.604
2024-12-18,317.604
2024-12-19,317.604
2024-12-20,317.604
2024-12-23,317.604
2024-12-24,317.604
2024-12-25,317.604
2024-12-26,317.604
2024-12-27,317.604
2024-12-30,317.604
2024-12-31,317.604
2025-01-01,318.961
2025-01-02,318.961
2025-01-03,318.961
2025-01-06,318.961
2025-01-07,318.961
2025-01-08,318.961
2025-01-09,318.961
2025-01-10,318.961
2025-01-13,318.961
2025-01-14,318.961
2025-01-15,318.961
2025-01-16,318.961
2025-01-17,318.961
2025-01-20,318.961
2025-01-21,318.961
2025-01-22,318.961
2025-01-23,318.961
2025-01-24,318.961
2025-01-27,318.961
2025-01-28,318.961
2025-01-29,318.961
2025-01-30,318.961
2025-01-31,318.961
2025-02-03,319.679
2025-02-04,319.679
2025-02-05,319.679
2025-02-06,319.679
2025-02-07,319.679
2025-02-10,319.679
2025-02-11,319.679
2025-02-12,319.679
2025-02-13,319.679
2025-02-14,319.679
2025-02-17,319.679
2025-02-18,319.679
2025-02-19,319.679
2025-02-20,319.679
2025-02-21,319.679
2025-02-24,319.679
2025-02-25,319.679
2025-02-26,319.679
2025-02-27,319.679
2025-02-28,319.679
2025-03-03,319.785
2025-03-04,319.785
2025-03-05,319.785
2025-03-06,319.785
2025-03-07,319.785
2025-03-10,319.785
2025-03-11,319.785
2025-03-12,319.785
2025-03-13,319.785
2025-03-14,319.785
2025-03-17,319.785
2025-03-18,319.785
2025-03-19,319.785
2025-03-20,319.785
2025-03-21,319.785
2025-03-24,319.785
2025-03-25,319.785
2025-03-26,319.785
2025-03-27,319.785
2025-03-28,319.785
2025-03-31,319.785
2025-04-01,320.302
2025-04-02,320.302
2025-04-03,320.302
2025-04-04,320.302
2025-04-07,320.302
2025-04-08,320.302
2025-04-09,320.302
2025-04-10,320.302
2025-04-11,320.302
2025-04-14,320.302
2025-04-15,320.302
2025-04-16,320.302
2025-04-17,320.302
2025-04-18,320.302
2025-04-21,320.302
2025-04-22,320.302
2025-04-23,320.302
2025-04-24,320.302
2025-04-25,320.302
2025-04-28,320.302
2025-04-29,320.302
2025-04-30,320.302
2025-05-01,320.62
2025-05-02,320.62
2025-05-05,320.62
2025-05-06,320.62
2025-05-07,320.62
2025-05-08,320.62
2025-05-09,320.62
2025-05-12,320.62
2025-05-13,320.62
2025-05-14,320.62
2025-05-15,320.62
2025-05-16,320.62
2025-05-19,320.62
2025-05-20,320.62
2025-05-21,320.62
2025-05-22,320.62
2025-05-23,320.62
2025-05-26,320.62
2025-05-27,320.62
2025-05-28,320.62
2025-05-29,320.62
2025-05-30,320.62
2025-06-02,321.435
2025-06-03,321.435
2025-06-04,321.435
2025-06-05,321.435
2025-06-06,321.435
2025-06-09,321.435
2025-06-10,321.435
2025-06-11,321.435
2025-06-12,321.435
2025-06-13,321.435
2025-06-16,321.435
2025-06-17,321.435
2025-06-18,321.435
2025-06-19,321.435
2025-06-20,321.435
2025-06-23,321.435
2025-06-24,321.435
2025-06-25,321.435
2025-06-26,321.435
2025-06-27,321.435
2025-06-30,321.435
2025-07-01,322.169
2025-07-02,322.169
2025-07-03,322.169
2025-07-04,322.169
2025-07-07,322.169
2025-07-08,322.169
2025-07-09,322.169
2025-07-10,322.169
2025-07-11,322.169
2025-07-14,322.169
2025-07-15,322.169
2025-07-16,322.169
2025-07-17,322.169
2025-07-18,322.169
2025-07-21,322.169
2025-07-22,322.169
2025-07-23,322.169
2025-07-24,322.169
2025-07-25,322.169
2025-07-28,322.169
2025-07-29,322.169
2025-07-30,322.169
2025-07-31,322.169
2025-08-01,323.291
2025-08-04,323.291
2025-08-05,323.291
2025-08-06,323.291
2025-08-07,323.291
2025-08-08,323.291
2025-08-11,323.291
2025-08-12,323.291
2025-08-13,323.291
2025-08-14,323.291
2025-08-15,323.291
2025-08-18,323.291
2025-08-19,323.291
2025-08-20,323.291
2025-08-21,323.291
2025-08-22,323.291
2025-08-25,323.291
2025-08-26,323.291
2025-08-27,323.291
2025-08-28,323.291
2025-08-29,323.291
2025-09-01,324.245
2025-09-02,324.245
2025-09-03,324.245
2025-09-04,324.245
2025-09-05,324.245
2025-09-08,324.245
2025-09-09,324.245
2025-09-10,324.245
2025-09-11,324.245
2025-09-12,324.245
2025-09-15,324.245
2025-09-16,324.245
2025-09-17,324.245
2025-09-18,324.245
2025-09-19,324.245
2025-09-22,324.245
2025-09-23,324.245
2025-09-24,324.245
2025-09-25,324.245
2025-09-26,324.245
2025-09-29,324.245
2025-09-30,324.245
2025-10-01,324.245
2025-10-02,324.245
2025-10-03,324.245
2025-10-06,324.245
2025-10-07,324.245
2025-10-08,324.245
2025-10-09,324.245
2025-10-10,324.245
2025-10-13,324.245
2025-10-14,324.245
2025-10-15,324.245
2025-10-16,324.245
2025-10-17,324.245
2025-10-20,324.245
2025-10-21,324.245
2025-10-22,324.245
2025-10-23,324.245
2025-10-24,324.245
2025-10-27,324.245
2025-10-28,324.245
2025-10-29,324.245
2025-10-30,324.245
2025-10-31,324.245
2025-11-03,325.063
2025-11-04,325.063
2025-11-05,325.063
2025-11-06,325.063
2025-11-07,325.063
2025-11-10,325.063
2025-11-11,325.063
2025-11-12,325.063
2025-11-13,325.063
2025-11-14,325.063
2025-11-17,325.063
2025-11-18,325.063
2025-11-19,325.063
2025-11-20,325.063
2025-11-21,325.063
2025-11-24,325.063
2025-11-25,325.063
2025-11-26,325.063
2025-11-27,325.063
2025-11-28,325.063
2025-12-01,326.031
2025-12-02,326.031
2025-12-03,326.031
2025-12-04,326.031
2025-12-05,326.031
2025-12-08,326.031
2025-12-09,326.031
2025-12-10,326.031
2025-12-11,326.031
2025-12-12,326.031
2025-12-15,326.031
2025-12-16,326.031
2025-12-17,326.031
2025-12-18,326.031
2025-12-19,326.031
2025-12-22,326.031
2025-12-23,326.031
2025-12-24,326.031
2025-12-25,326.031
2025-12-26,326.031
2025-12-29,326.031
2025-12-30,326.031
2025-12-31,326.031
2026-01-01,326.588
2026-01-02,326.588
2026-01-05,326.588
2026-01-06,326.588
2026-01-07,326.588
2026-01-08,326.588
2026-01-09,326.588
2026-01-12,326.588
2026-01-13,326.588
2026-01-14,326.588
2026-01-15,326.588
2026-01-16,326.588
2026-01-19,326.588
2026-01-20,326.588
2026-01-21,326.588
2026-01-22,326.588
2026-01-23,326.588
2026-01-26,326.588
2026-01-27,326.588
2026-01-28,326.588
2026-01-29,326.588
2026-01-30,326.588
2026-02-02,327.46
2026-02-03,327.46
2026-02-04,327.46
2026-02-05,327.46
2026-02-06,327.46
2026-02-09,327.46
2026-02-10,327.46
2026-02-11,327.46
2026-02-12,327.46
2026-02-13,327.46
2026-02-16,327.46
2026-02-17,327.46
2026-02-18,327.46
2026-02-19,327.46
2026-02-20,327.46
2026-02-23,327.46
2026-02-24,327.46
2026-02-25,327.46
2026-02-26,327.46
2026-02-27,327.46
2026-03-02,330.293
2026-03-03,330.293
2026-03-04,330.293
2026-03-05,330.293
2026-03-06,330.293
2026-03-09,330.293
2026-03-10,330.293
2026-03-11,330.293
2026-03-12,330.293
2026-03-13,330.293
2026-03-16,330.293
2026-03-17,330.293
2026-03-18,330.293
2026-03-19,330.293
2026-03-20,330.293
2026-03-23,330.293
2026-03-24,330.293
2026-03-25,330.293
2026-03-26,330.293
2026-03-27,330.293
2026-03-30,330.293
2026-03-31,330.293
2026-04-01,332.407
2026-04-02,332.407
2026-04-03,332.407
2026-04-06,332.407
2026-04-07,332.407
2026-04-08,332.407
2026-04-09,332.407
2026-04-10,332.407
2026-04-13,332.407
2026-04-14,332.407
2026-04-15,332.407
2026-04-16,332.407
2026-04-17,332.407
2026-04-20,332.407
2026-04-21,332.407
2026-04-22,332.407
2026-04-23,332.407
2026-04-24,332.407
2026-04-27,332.407
2026-04-28,332.407
2026-04-29,332.407
2026-04-30,332.407
2026-05-01,332.407
2026-05-04,332.407
2026-05-05,332.407
2026-05-06,332.407
2026-05-07,332.407
2026-05-08,332.407
2026-05-11,332.407
2026-05-12,332.407
2026-05-13,332.407
2026-05-14,332.407
2026-05-15,332.407
2026-05-18,332.407
2026-05-19,332.407
2026-05-20,332.407
2026-05-21,332.407
2026-05-22,332.407
