,US_10Y_Yield
2015-01-01,1.88
2015-01-02,1.88
2015-01-05,1.88
2015-01-06,1.88
2015-01-07,1.88
2015-01-08,1.88
2015-01-09,1.88
2015-01-12,1.88
2015-01-13,1.88
2015-01-14,1.88
2015-01-15,1.88
2015-01-16,1.88
2015-01-19,1.88
2015-01-20,1.88
2015-01-21,1.88
2015-01-22,1.88
2015-01-23,1.88
2015-01-26,1.88
2015-01-27,1.88
2015-01-28,1.88
2015-01-29,1.88
2015-01-30,1.88
2015-02-02,1.98
2015-02-03,1.98
2015-02-04,1.98
2015-02-05,1.98
2015-02-06,1.98
2015-02-09,1.98
2015-02-10,1.98
2015-02-11,1.98
2015-02-12,1.98
2015-02-13,1.98
2015-02-16,1.98
2015-02-17,1.98
2015-02-18,1.98
2015-02-19,1.98
2015-02-20,1.98
2015-02-23,1.98
2015-02-24,1.98
2015-02-25,1.98
2015-02-26,1.98
2015-02-27,1.98
2015-03-02,2.04
2015-03-03,2.04
2015-03-04,2.04
2015-03-05,2.04
2015-03-06,2.04
2015-03-09,2.04
2015-03-10,2.04
2015-03-11,2.04
2015-03-12,2.04
2015-03-13,2.04
2015-03-16,2.04
2015-03-17,2.04
2015-03-18,2.04
2015-03-19,2.04
2015-03-20,2.04
2015-03-23,2.04
2015-03-24,2.04
2015-03-25,2.04
2015-03-26,2.04
2015-03-27,2.04
2015-03-30,2.04
2015-03-31,2.04
2015-04-01,1.94
2015-04-02,1.94
2015-04-03,1.94
2015-04-06,1.94
2015-04-07,1.94
2015-04-08,1.94
2015-04-09,1.94
2015-04-10,1.94
2015-04-13,1.94
2015-04-14,1.94
2015-04-15,1.94
2015-04-16,1.94
2015-04-17,1.94
2015-04-20,1.94
2015-04-21,1.94
2015-04-22,1.94
2015-04-23,1.94
2015-04-24,1.94
2015-04-27,1.94
2015-04-28,1.94
2015-04-29,1.94
2015-04-30,1.94
2015-05-01,2.2
2015-05-04,2.2
2015-05-05,2.2
2015-05-06,2.2
2015-05-07,2.2
2015-05-08,2.2
2015-05-11,2.2
2015-05-12,2.2
2015-05-13,2.2
2015-05-14,2.2
2015-05-15,2.2
2015-05-18,2.2
2015-05-19,2.2
2015-05-20,2.2
2015-05-21,2.2
2015-05-22,2.2
2015-05-25,2.2
2015-05-26,2.2
2015-05-27,2.2
2015-05-28,2.2
2015-05-29,2.2
2015-06-01,2.36
2015-06-02,2.36
2015-06-03,2.36
2015-06-04,2.36
2015-06-05,2.36
2015-06-08,2.36
2015-06-09,2.36
2015-06-10,2.36
2015-06-11,2.36
2015-06-12,2.36
2015-06-15,2.36
2015-06-16,2.36
2015-06-17,2.36
2015-06-18,2.36
2015-06-19,2.36
2015-06-22,2.36
2015-06-23,2.36
2015-06-24,2.36
2015-06-25,2.36
2015-06-26,2.36
2015-06-29,2.36
2015-06-30,2.36
2015-07-01,2.32
2015-07-02,2.32
2015-07-03,2.32
2015-07-06,2.32
2015-07-07,2.32
2015-07-08,2.32
2015-07-09,2.32
2015-07-10,2.32
2015-07-13,2.32
2015-07-14,2.32
2015-07-15,2.32
2015-07-16,2.32
2015-07-17,2.32
2015-07-20,2.32
2015-07-21,2.32
2015-07-22,2.32
2015-07-23,2.32
2015-07-24,2.32
2015-07-27,2.32
2015-07-28,2.32
2015-07-29,2.32
2015-07-30,2.32
2015-07-31,2.32
2015-08-03,2.17
2015-08-04,2.17
2015-08-05,2.17
2015-08-06,2.17
2015-08-07,2.17
2015-08-10,2.17
2015-08-11,2.17
2015-08-12,2.17
2015-08-13,2.17
2015-08-14,2.17
2015-08-17,2.17
2015-08-18,2.17
2015-08-19,2.17
2015-08-20,2.17
2015-08-21,2.17
2015-08-24,2.17
2015-08-25,2.17
2015-08-26,2.17
2015-08-27,2.17
2015-08-28,2.17
2015-08-31,2.17
2015-09-01,2.17
2015-09-02,2.17
2015-09-03,2.17
2015-09-04,2.17
2015-09-07,2.17
2015-09-08,2.17
2015-09-09,2.17
2015-09-10,2.17
2015-09-11,2.17
2015-09-14,2.17
2015-09-15,2.17
2015-09-16,2.17
2015-09-17,2.17
2015-09-18,2.17
2015-09-21,2.17
2015-09-22,2.17
2015-09-23,2.17
2015-09-24,2.17
2015-09-25,2.17
2015-09-28,2.17
2015-09-29,2.17
2015-09-30,2.17
2015-10-01,2.07
2015-10-02,2.07
2015-10-05,2.07
2015-10-06,2.07
2015-10-07,2.07
2015-10-08,2.07
2015-10-09,2.07
2015-10-12,2.07
2015-10-13,2.07
2015-10-14,2.07
2015-10-15,2.07
2015-10-16,2.07
2015-10-19,2.07
2015-10-20,2.07
2015-10-21,2.07
2015-10-22,2.07
2015-10-23,2.07
2015-10-26,2.07
2015-10-27,2.07
2015-10-28,2.07
2015-10-29,2.07
2015-10-30,2.07
2015-11-02,2.26
2015-11-03,2.26
2015-11-04,2.26
2015-11-05,2.26
2015-11-06,2.26
2015-11-09,2.26
2015-11-10,2.26
2015-11-11,2.26
2015-11-12,2.26
2015-11-13,2.26
2015-11-16,2.26
2015-11-17,2.26
2015-11-18,2.26
2015-11-19,2.26
2015-11-20,2.26
2015-11-23,2.26
2015-11-24,2.26
2015-11-25,2.26
2015-11-26,2.26
2015-11-27,2.26
2015-11-30,2.26
2015-12-01,2.24
2015-12-02,2.24
2015-12-03,2.24
2015-12-04,2.24
2015-12-07,2.24
2015-12-08,2.24
2015-12-09,2.24
2015-12-10,2.24
2015-12-11,2.24
2015-12-14,2.24
2015-12-15,2.24
2015-12-16,2.24
2015-12-17,2.24
2015-12-18,2.24
2015-12-21,2.24
2015-12-22,2.24
2015-12-23,2.24
2015-12-24,2.24
2015-12-25,2.24
2015-12-28,2.24
2015-12-29,2.24
2015-12-30,2.24
2015-12-31,2.24
2016-01-01,2.09
2016-01-04,2.09
2016-01-05,2.09
2016-01-06,2.09
2016-01-07,2.09
2016-01-08,2.09
2016-01-11,2.09
2016-01-12,2.09
2016-01-13,2.09
2016-01-14,2.09
2016-01-15,2.09
2016-01-18,2.09
2016-01-19,2.09
2016-01-20,2.09
2016-01-21,2.09
2016-01-22,2.09
2016-01-25,2.09
2016-01-26,2.09
2016-01-27,2.09
2016-01-28,2.09
2016-01-29,2.09
2016-02-01,1.78
2016-02-02,1.78
2016-02-03,1.78
2016-02-04,1.78
2016-02-05,1.78
2016-02-08,1.78
2016-02-09,1.78
2016-02-10,1.78
2016-02-11,1.78
2016-02-12,1.78
2016-02-15,1.78
2016-02-16,1.78
2016-02-17,1.78
2016-02-18,1.78
2016-02-19,1.78
2016-02-22,1.78
2016-02-23,1.78
2016-02-24,1.78
2016-02-25,1.78
2016-02-26,1.78
2016-02-29,1.78
2016-03-01,1.89
2016-03-02,1.89
2016-03-03,1.89
2016-03-04,1.89
2016-03-07,1.89
2016-03-08,1.89
2016-03-09,1.89
2016-03-10,1.89
2016-03-11,1.89
2016-03-14,1.89
2016-03-15,1.89
2016-03-16,1.89
2016-03-17,1.89
2016-03-18,1.89
2016-03-21,1.89
2016-03-22,1.89
2016-03-23,1.89
2016-03-24,1.89
2016-03-25,1.89
2016-03-28,1.89
2016-03-29,1.89
2016-03-30,1.89
2016-03-31,1.89
2016-04-01,1.81
2016-04-04,1.81
2016-04-05,1.81
2016-04-06,1.81
2016-04-07,1.81
2016-04-08,1.81
2016-04-11,1.81
2016-04-12,1.81
2016-04-13,1.81
2016-04-14,1.81
2016-04-15,1.81
2016-04-18,1.81
2016-04-19,1.81
2016-04-20,1.81
2016-04-21,1.81
2016-04-22,1.81
2016-04-25,1.81
2016-04-26,1.81
2016-04-27,1.81
2016-04-28,1.81
2016-04-29,1.81
2016-05-02,1.81
2016-05-03,1.81
2016-05-04,1.81
2016-05-05,1.81
2016-05-06,1.81
2016-05-09,1.81
2016-05-10,1.81
2016-05-11,1.81
2016-05-12,1.81
2016-05-13,1.81
2016-05-16,1.81
2016-05-17,1.81
2016-05-18,1.81
2016-05-19,1.81
2016-05-20,1.81
2016-05-23,1.81
2016-05-24,1.81
2016-05-25,1.81
2016-05-26,1.81
2016-05-27,1.81
2016-05-30,1.81
2016-05-31,1.81
2016-06-01,1.64
2016-06-02,1.64
2016-06-03,1.64
2016-06-06,1.64
2016-06-07,1.64
2016-06-08,1.64
2016-06-09,1.64
2016-06-10,1.64
2016-06-13,1.64
2016-06-14,1.64
2016-06-15,1.64
2016-06-16,1.64
2016-06-17,1.64
2016-06-20,1.64
2016-06-21,1.64
2016-06-22,1.64
2016-06-23,1.64
2016-06-24,1.64
2016-06-27,1.64
2016-06-28,1.64
2016-06-29,1.64
2016-06-30,1.64
2016-07-01,1.5
2016-07-04,1.5
2016-07-05,1.5
2016-07-06,1.5
2016-07-07,1.5
2016-07-08,1.5
2016-07-11,1.5
2016-07-12,1.5
2016-07-13,1.5
2016-07-14,1.5
2016-07-15,1.5
2016-07-18,1.5
2016-07-19,1.5
2016-07-20,1.5
2016-07-21,1.5
2016-07-22,1.5
2016-07-25,1.5
2016-07-26,1.5
2016-07-27,1.5
2016-07-28,1.5
2016-07-29,1.5
2016-08-01,1.56
2016-08-02,1.56
2016-08-03,1.56
2016-08-04,1.56
2016-08-05,1.56
2016-08-08,1.56
2016-08-09,1.56
2016-08-10,1.56
2016-08-11,1.56
2016-08-12,1.56
2016-08-15,1.56
2016-08-16,1.56
2016-08-17,1.56
2016-08-18,1.56
2016-08-19,1.56
2016-08-22,1.56
2016-08-23,1.56
2016-08-24,1.56
2016-08-25,1.56
2016-08-26,1.56
2016-08-29,1.56
2016-08-30,1.56
2016-08-31,1.56
2016-09-01,1.63
2016-09-02,1.63
2016-09-05,1.63
2016-09-06,1.63
2016-09-07,1.63
2016-09-08,1.63
2016-09-09,1.63
2016-09-12,1.63
2016-09-13,1.63
2016-09-14,1.63
2016-09-15,1.63
2016-09-16,1.63
2016-09-19,1.63
2016-09-20,1.63
2016-09-21,1.63
2016-09-22,1.63
2016-09-23,1.63
2016-09-26,1.63
2016-09-27,1.63
2016-09-28,1.63
2016-09-29,1.63
2016-09-30,1.63
2016-10-03,1.76
2016-10-04,1.76
2016-10-05,1.76
2016-10-06,1.76
2016-10-07,1.76
2016-10-10,1.76
2016-10-11,1.76
2016-10-12,1.76
2016-10-13,1.76
2016-10-14,1.76
2016-10-17,1.76
2016-10-18,1.76
2016-10-19,1.76
2016-10-20,1.76
2016-10-21,1.76
2016-10-24,1.76
2016-10-25,1.76
2016-10-26,1.76
2016-10-27,1.76
2016-10-28,1.76
2016-10-31,1.76
2016-11-01,2.14
2016-11-02,2.14
2016-11-03,2.14
2016-11-04,2.14
2016-11-07,2.14
2016-11-08,2.14
2016-11-09,2.14
2016-11-10,2.14
2016-11-11,2.14
2016-11-14,2.14
2016-11-15,2.14
2016-11-16,2.14
2016-11-17,2.14
2016-11-18,2.14
2016-11-21,2.14
2016-11-22,2.14
2016-11-23,2.14
2016-11-24,2.14
2016-11-25,2.14
2016-11-28,2.14
2016-11-29,2.14
2016-11-30,2.14
2016-12-01,2.49
2016-12-02,2.49
2016-12-05,2.49
2016-12-06,2.49
2016-12-07,2.49
2016-12-08,2.49
2016-12-09,2.49
2016-12-12,2.49
2016-12-13,2.49
2016-12-14,2.49
2016-12-15,2.49
2016-12-16,2.49
2016-12-19,2.49
2016-12-20,2.49
2016-12-21,2.49
2016-12-22,2.49
2016-12-23,2.49
2016-12-26,2.49
2016-12-27,2.49
2016-12-28,2.49
2016-12-29,2.49
2016-12-30,2.49
2017-01-02,2.43
2017-01-03,2.43
2017-01-04,2.43
2017-01-05,2.43
2017-01-06,2.43
2017-01-09,2.43
2017-01-10,2.43
2017-01-11,2.43
2017-01-12,2.43
2017-01-13,2.43
2017-01-16,2.43
2017-01-17,2.43
2017-01-18,2.43
2017-01-19,2.43
2017-01-20,2.43
2017-01-23,2.43
2017-01-24,2.43
2017-01-25,2.43
2017-01-26,2.43
2017-01-27,2.43
2017-01-30,2.43
2017-01-31,2.43
2017-02-01,2.42
2017-02-02,2.42
2017-02-03,2.42
2017-02-06,2.42
2017-02-07,2.42
2017-02-08,2.42
2017-02-09,2.42
2017-02-10,2.42
2017-02-13,2.42
2017-02-14,2.42
2017-02-15,2.42
2017-02-16,2.42
2017-02-17,2.42
2017-02-20,2.42
2017-02-21,2.42
2017-02-22,2.42
2017-02-23,2.42
2017-02-24,2.42
2017-02-27,2.42
2017-02-28,2.42
2017-03-01,2.48
2017-03-02,2.48
2017-03-03,2.48
2017-03-06,2.48
2017-03-07,2.48
2017-03-08,2.48
2017-03-09,2.48
2017-03-10,2.48
2017-03-13,2.48
2017-03-14,2.48
2017-03-15,2.48
2017-03-16,2.48
2017-03-17,2.48
2017-03-20,2.48
2017-03-21,2.48
2017-03-22,2.48
2017-03-23,2.48
2017-03-24,2.48
2017-03-27,2.48
2017-03-28,2.48
2017-03-29,2.48
2017-03-30,2.48
2017-03-31,2.48
2017-04-03,2.3
2017-04-04,2.3
2017-04-05,2.3
2017-04-06,2.3
2017-04-07,2.3
2017-04-10,2.3
2017-04-11,2.3
2017-04-12,2.3
2017-04-13,2.3
2017-04-14,2.3
2017-04-17,2.3
2017-04-18,2.3
2017-04-19,2.3
2017-04-20,2.3
2017-04-21,2.3
2017-04-24,2.3
2017-04-25,2.3
2017-04-26,2.3
2017-04-27,2.3
2017-04-28,2.3
2017-05-01,2.3
2017-05-02,2.3
2017-05-03,2.3
2017-05-04,2.3
2017-05-05,2.3
2017-05-08,2.3
2017-05-09,2.3
2017-05-10,2.3
2017-05-11,2.3
2017-05-12,2.3
2017-05-15,2.3
2017-05-16,2.3
2017-05-17,2.3
2017-05-18,2.3
2017-05-19,2.3
2017-05-22,2.3
2017-05-23,2.3
2017-05-24,2.3
2017-05-25,2.3
2017-05-26,2.3
2017-05-29,2.3
2017-05-30,2.3
2017-05-31,2.3
2017-06-01,2.19
2017-06-02,2.19
2017-06-05,2.19
2017-06-06,2.19
2017-06-07,2.19
2017-06-08,2.19
2017-06-09,2.19
2017-06-12,2.19
2017-06-13,2.19
2017-06-14,2.19
2017-06-15,2.19
2017-06-16,2.19
2017-06-19,2.19
2017-06-20,2.19
2017-06-21,2.19
2017-06-22,2.19
2017-06-23,2.19
2017-06-26,2.19
2017-06-27,2.19
2017-06-28,2.19
2017-06-29,2.19
2017-06-30,2.19
2017-07-03,2.32
2017-07-04,2.32
2017-07-05,2.32
2017-07-06,2.32
2017-07-07,2.32
2017-07-10,2.32
2017-07-11,2.32
2017-07-12,2.32
2017-07-13,2.32
2017-07-14,2.32
2017-07-17,2.32
2017-07-18,2.32
2017-07-19,2.32
2017-07-20,2.32
2017-07-21,2.32
2017-07-24,2.32
2017-07-25,2.32
2017-07-26,2.32
2017-07-27,2.32
2017-07-28,2.32
2017-07-31,2.32
2017-08-01,2.21
2017-08-02,2.21
2017-08-03,2.21
2017-08-04,2.21
2017-08-07,2.21
2017-08-08,2.21
2017-08-09,2.21
2017-08-10,2.21
2017-08-11,2.21
2017-08-14,2.21
2017-08-15,2.21
2017-08-16,2.21
2017-08-17,2.21
2017-08-18,2.21
2017-08-21,2.21
2017-08-22,2.21
2017-08-23,2.21
2017-08-24,2.21
2017-08-25,2.21
2017-08-28,2.21
2017-08-29,2.21
2017-08-30,2.21
2017-08-31,2.21
2017-09-01,2.2
2017-09-04,2.2
2017-09-05,2.2
2017-09-06,2.2
2017-09-07,2.2
2017-09-08,2.2
2017-09-11,2.2
2017-09-12,2.2
2017-09-13,2.2
2017-09-14,2.2
2017-09-15,2.2
2017-09-18,2.2
2017-09-19,2.2
2017-09-20,2.2
2017-09-21,2.2
2017-09-22,2.2
2017-09-25,2.2
2017-09-26,2.2
2017-09-27,2.2
2017-09-28,2.2
2017-09-29,2.2
2017-10-02,2.36
2017-10-03,2.36
2017-10-04,2.36
2017-10-05,2.36
2017-10-06,2.36
2017-10-09,2.36
2017-10-10,2.36
2017-10-11,2.36
2017-10-12,2.36
2017-10-13,2.36
2017-10-16,2.36
2017-10-17,2.36
2017-10-18,2.36
2017-10-19,2.36
2017-10-20,2.36
2017-10-23,2.36
2017-10-24,2.36
2017-10-25,2.36
2017-10-26,2.36
2017-10-27,2.36
2017-10-30,2.36
2017-10-31,2.36
2017-11-01,2.35
2017-11-02,2.35
2017-11-03,2.35
2017-11-06,2.35
2017-11-07,2.35
2017-11-08,2.35
2017-11-09,2.35
2017-11-10,2.35
2017-11-13,2.35
2017-11-14,2.35
2017-11-15,2.35
2017-11-16,2.35
2017-11-17,2.35
2017-11-20,2.35
2017-11-21,2.35
2017-11-22,2.35
2017-11-23,2.35
2017-11-24,2.35
2017-11-27,2.35
2017-11-28,2.35
2017-11-29,2.35
2017-11-30,2.35
2017-12-01,2.4
2017-12-04,2.4
2017-12-05,2.4
2017-12-06,2.4
2017-12-07,2.4
2017-12-08,2.4
2017-12-11,2.4
2017-12-12,2.4
2017-12-13,2.4
2017-12-14,2.4
2017-12-15,2.4
2017-12-18,2.4
2017-12-19,2.4
2017-12-20,2.4
2017-12-21,2.4
2017-12-22,2.4
2017-12-25,2.4
2017-12-26,2.4
2017-12-27,2.4
2017-12-28,2.4
2017-12-29,2.4
2018-01-01,2.58
2018-01-02,2.58
2018-01-03,2.58
2018-01-04,2.58
2018-01-05,2.58
2018-01-08,2.58
2018-01-09,2.58
2018-01-10,2.58
2018-01-11,2.58
2018-01-12,2.58
2018-01-15,2.58
2018-01-16,2.58
2018-01-17,2.58
2018-01-18,2.58
2018-01-19,2.58
2018-01-22,2.58
2018-01-23,2.58
2018-01-24,2.58
2018-01-25,2.58
2018-01-26,2.58
2018-01-29,2.58
2018-01-30,2.58
2018-01-31,2.58
2018-02-01,2.86
2018-02-02,2.86
2018-02-05,2.86
2018-02-06,2.86
2018-02-07,2.86
2018-02-08,2.86
2018-02-09,2.86
2018-02-12,2.86
2018-02-13,2.86
2018-02-14,2.86
2018-02-15,2.86
2018-02-16,2.86
2018-02-19,2.86
2018-02-20,2.86
2018-02-21,2.86
2018-02-22,2.86
2018-02-23,2.86
2018-02-26,2.86
2018-02-27,2.86
2018-02-28,2.86
2018-03-01,2.84
2018-03-02,2.84
2018-03-05,2.84
2018-03-06,2.84
2018-03-07,2.84
2018-03-08,2.84
2018-03-09,2.84
2018-03-12,2.84
2018-03-13,2.84
2018-03-14,2.84
2018-03-15,2.84
2018-03-16,2.84
2018-03-19,2.84
2018-03-20,2.84
2018-03-21,2.84
2018-03-22,2.84
2018-03-23,2.84
2018-03-26,2.84
2018-03-27,2.84
2018-03-28,2.84
2018-03-29,2.84
2018-03-30,2.84
2018-04-02,2.87
2018-04-03,2.87
2018-04-04,2.87
2018-04-05,2.87
2018-04-06,2.87
2018-04-09,2.87
2018-04-10,2.87
2018-04-11,2.87
2018-04-12,2.87
2018-04-13,2.87
2018-04-16,2.87
2018-04-17,2.87
2018-04-18,2.87
2018-04-19,2.87
2018-04-20,2.87
2018-04-23,2.87
2018-04-24,2.87
2018-04-25,2.87
2018-04-26,2.87
2018-04-27,2.87
2018-04-30,2.87
2018-05-01,2.98
2018-05-02,2.98
2018-05-03,2.98
2018-05-04,2.98
2018-05-07,2.98
2018-05-08,2.98
2018-05-09,2.98
2018-05-10,2.98
2018-05-11,2.98
2018-05-14,2.98
2018-05-15,2.98
2018-05-16,2.98
2018-05-17,2.98
2018-05-18,2.98
2018-05-21,2.98
2018-05-22,2.98
2018-05-23,2.98
2018-05-24,2.98
2018-05-25,2.98
2018-05-28,2.98
2018-05-29,2.98
2018-05-30,2.98
2018-05-31,2.98
2018-06-01,2.91
2018-06-04,2.91
2018-06-05,2.91
2018-06-06,2.91
2018-06-07,2.91
2018-06-08,2.91
2018-06-11,2.91
2018-06-12,2.91
2018-06-13,2.91
2018-06-14,2.91
2018-06-15,2.91
2018-06-18,2.91
2018-06-19,2.91
2018-06-20,2.91
2018-06-21,2.91
2018-06-22,2.91
2018-06-25,2.91
2018-06-26,2.91
2018-06-27,2.91
2018-06-28,2.91
2018-06-29,2.91
2018-07-02,2.89
2018-07-03,2.89
2018-07-04,2.89
2018-07-05,2.89
2018-07-06,2.89
2018-07-09,2.89
2018-07-10,2.89
2018-07-11,2.89
2018-07-12,2.89
2018-07-13,2.89
2018-07-16,2.89
2018-07-17,2.89
2018-07-18,2.89
2018-07-19,2.89
2018-07-20,2.89
2018-07-23,2.89
2018-07-24,2.89
2018-07-25,2.89
2018-07-26,2.89
2018-07-27,2.89
2018-07-30,2.89
2018-07-31,2.89
2018-08-01,2.89
2018-08-02,2.89
2018-08-03,2.89
2018-08-06,2.89
2018-08-07,2.89
2018-08-08,2.89
2018-08-09,2.89
2018-08-10,2.89
2018-08-13,2.89
2018-08-14,2.89
2018-08-15,2.89
2018-08-16,2.89
2018-08-17,2.89
2018-08-20,2.89
2018-08-21,2.89
2018-08-22,2.89
2018-08-23,2.89
2018-08-24,2.89
2018-08-27,2.89
2018-08-28,2.89
2018-08-29,2.89
2018-08-30,2.89
2018-08-31,2.89
2018-09-03,3.0
2018-09-04,3.0
2018-09-05,3.0
2018-09-06,3.0
2018-09-07,3.0
2018-09-10,3.0
2018-09-11,3.0
2018-09-12,3.0
2018-09-13,3.0
2018-09-14,3.0
2018-09-17,3.0
2018-09-18,3.0
2018-09-19,3.0
2018-09-20,3.0
2018-09-21,3.0
2018-09-24,3.0
2018-09-25,3.0
2018-09-26,3.0
2018-09-27,3.0
2018-09-28,3.0
2018-10-01,3.15
2018-10-02,3.15
2018-10-03,3.15
2018-10-04,3.15
2018-10-05,3.15
2018-10-08,3.15
2018-10-09,3.15
2018-10-10,3.15
2018-10-11,3.15
2018-10-12,3.15
2018-10-15,3.15
2018-10-16,3.15
2018-10-17,3.15
2018-10-18,3.15
2018-10-19,3.15
2018-10-22,3.15
2018-10-23,3.15
2018-10-24,3.15
2018-10-25,3.15
2018-10-26,3.15
2018-10-29,3.15
2018-10-30,3.15
2018-10-31,3.15
2018-11-01,3.12
2018-11-02,3.12
2018-11-05,3.12
2018-11-06,3.12
2018-11-07,3.12
2018-11-08,3.12
2018-11-09,3.12
2018-11-12,3.12
2018-11-13,3.12
2018-11-14,3.12
2018-11-15,3.12
2018-11-16,3.12
2018-11-19,3.12
2018-11-20,3.12
2018-11-21,3.12
2018-11-22,3.12
2018-11-23,3.12
2018-11-26,3.12
2018-11-27,3.12
2018-11-28,3.12
2018-11-29,3.12
2018-11-30,3.12
2018-12-03,2.83
2018-12-04,2.83
2018-12-05,2.83
2018-12-06,2.83
2018-12-07,2.83
2018-12-10,2.83
2018-12-11,2.83
2018-12-12,2.83
2018-12-13,2.83
2018-12-14,2.83
2018-12-17,2.83
2018-12-18,2.83
2018-12-19,2.83
2018-12-20,2.83
2018-12-21,2.83
2018-12-24,2.83
2018-12-25,2.83
2018-12-26,2.83
2018-12-27,2.83
2018-12-28,2.83
2018-12-31,2.83
2019-01-01,2.71
2019-01-02,2.71
2019-01-03,2.71
2019-01-04,2.71
2019-01-07,2.71
2019-01-08,2.71
2019-01-09,2.71
2019-01-10,2.71
2019-01-11,2.71
2019-01-14,2.71
2019-01-15,2.71
2019-01-16,2.71
2019-01-17,2.71
2019-01-18,2.71
2019-01-21,2.71
2019-01-22,2.71
2019-01-23,2.71
2019-01-24,2.71
2019-01-25,2.71
2019-01-28,2.71
2019-01-29,2.71
2019-01-30,2.71
2019-01-31,2.71
2019-02-01,2.68
2019-02-04,2.68
2019-02-05,2.68
2019-02-06,2.68
2019-02-07,2.68
2019-02-08,2.68
2019-02-11,2.68
2019-02-12,2.68
2019-02-13,2.68
2019-02-14,2.68
2019-02-15,2.68
2019-02-18,2.68
2019-02-19,2.68
2019-02-20,2.68
2019-02-21,2.68
2019-02-22,2.68
2019-02-25,2.68
2019-02-26,2.68
2019-02-27,2.68
2019-02-28,2.68
2019-03-01,2.57
2019-03-04,2.57
2019-03-05,2.57
2019-03-06,2.57
2019-03-07,2.57
2019-03-08,2.57
2019-03-11,2.57
2019-03-12,2.57
2019-03-13,2.57
2019-03-14,2.57
2019-03-15,2.57
2019-03-18,2.57
2019-03-19,2.57
2019-03-20,2.57
2019-03-21,2.57
2019-03-22,2.57
2019-03-25,2.57
2019-03-26,2.57
2019-03-27,2.57
2019-03-28,2.57
2019-03-29,2.57
2019-04-01,2.53
2019-04-02,2.53
2019-04-03,2.53
2019-04-04,2.53
2019-04-05,2.53
2019-04-08,2.53
2019-04-09,2.53
2019-04-10,2.53
2019-04-11,2.53
2019-04-12,2.53
2019-04-15,2.53
2019-04-16,2.53
2019-04-17,2.53
2019-04-18,2.53
2019-04-19,2.53
2019-04-22,2.53
2019-04-23,2.53
2019-04-24,2.53
2019-04-25,2.53
2019-04-26,2.53
2019-04-29,2.53
2019-04-30,2.53
2019-05-01,2.4
2019-05-02,2.4
2019-05-03,2.4
2019-05-06,2.4
2019-05-07,2.4
2019-05-08,2.4
2019-05-09,2.4
2019-05-10,2.4
2019-05-13,2.4
2019-05-14,2.4
2019-05-15,2.4
2019-05-16,2.4
2019-05-17,2.4
2019-05-20,2.4
2019-05-21,2.4
2019-05-22,2.4
2019-05-23,2.4
2019-05-24,2.4
2019-05-27,2.4
2019-05-28,2.4
2019-05-29,2.4
2019-05-30,2.4
2019-05-31,2.4
2019-06-03,2.07
2019-06-04,2.07
2019-06-05,2.07
2019-06-06,2.07
2019-06-07,2.07
2019-06-10,2.07
2019-06-11,2.07
2019-06-12,2.07
2019-06-13,2.07
2019-06-14,2.07
2019-06-17,2.07
2019-06-18,2.07
2019-06-19,2.07
2019-06-20,2.07
2019-06-21,2.07
2019-06-24,2.07
2019-06-25,2.07
2019-06-26,2.07
2019-06-27,2.07
2019-06-28,2.07
2019-07-01,2.06
2019-07-02,2.06
2019-07-03,2.06
2019-07-04,2.06
2019-07-05,2.06
2019-07-08,2.06
2019-07-09,2.06
2019-07-10,2.06
2019-07-11,2.06
2019-07-12,2.06
2019-07-15,2.06
2019-07-16,2.06
2019-07-17,2.06
2019-07-18,2.06
2019-07-19,2.06
2019-07-22,2.06
2019-07-23,2.06
2019-07-24,2.06
2019-07-25,2.06
2019-07-26,2.06
2019-07-29,2.06
2019-07-30,2.06
2019-07-31,2.06
2019-08-01,1.63
2019-08-02,1.63
2019-08-05,1.63
2019-08-06,1.63
2019-08-07,1.63
2019-08-08,1.63
2019-08-09,1.63
2019-08-12,1.63
2019-08-13,1.63
2019-08-14,1.63
2019-08-15,1.63
2019-08-16,1.63
2019-08-19,1.63
2019-08-20,1.63
2019-08-21,1.63
2019-08-22,1.63
2019-08-23,1.63
2019-08-26,1.63
2019-08-27,1.63
2019-08-28,1.63
2019-08-29,1.63
2019-08-30,1.63
2019-09-02,1.7
2019-09-03,1.7
2019-09-04,1.7
2019-09-05,1.7
2019-09-06,1.7
2019-09-09,1.7
2019-09-10,1.7
2019-09-11,1.7
2019-09-12,1.7
2019-09-13,1.7
2019-09-16,1.7
2019-09-17,1.7
2019-09-18,1.7
2019-09-19,1.7
2019-09-20,1.7
2019-09-23,1.7
2019-09-24,1.7
2019-09-25,1.7
2019-09-26,1.7
2019-09-27,1.7
2019-09-30,1.7
2019-10-01,1.71
2019-10-02,1.71
2019-10-03,1.71
2019-10-04,1.71
2019-10-07,1.71
2019-10-08,1.71
2019-10-09,1.71
2019-10-10,1.71
2019-10-11,1.71
2019-10-14,1.71
2019-10-15,1.71
2019-10-16,1.71
2019-10-17,1.71
2019-10-18,1.71
2019-10-21,1.71
2019-10-22,1.71
2019-10-23,1.71
2019-10-24,1.71
2019-10-25,1.71
2019-10-28,1.71
2019-10-29,1.71
2019-10-30,1.71
2019-10-31,1.71
2019-11-01,1.81
2019-11-04,1.81
2019-11-05,1.81
2019-11-06,1.81
2019-11-07,1.81
2019-11-08,1.81
2019-11-11,1.81
2019-11-12,1.81
2019-11-13,1.81
2019-11-14,1.81
2019-11-15,1.81
2019-11-18,1.81
2019-11-19,1.81
2019-11-20,1.81
2019-11-21,1.81
2019-11-22,1.81
2019-11-25,1.81
2019-11-26,1.81
2019-11-27,1.81
2019-11-28,1.81
2019-11-29,1.81
2019-12-02,1.86
2019-12-03,1.86
2019-12-04,1.86
2019-12-05,1.86
2019-12-06,1.86
2019-12-09,1.86
2019-12-10,1.86
2019-12-11,1.86
2019-12-12,1.86
2019-12-13,1.86
2019-12-16,1.86
2019-12-17,1.86
2019-12-18,1.86
2019-12-19,1.86
2019-12-20,1.86
2019-12-23,1.86
2019-12-24,1.86
2019-12-25,1.86
2019-12-26,1.86
2019-12-27,1.86
2019-12-30,1.86
2019-12-31,1.86
2020-01-01,1.76
2020-01-02,1.76
2020-01-03,1.76
2020-01-06,1.76
2020-01-07,1.76
2020-01-08,1.76
2020-01-09,1.76
2020-01-10,1.76
2020-01-13,1.76
2020-01-14,1.76
2020-01-15,1.76
2020-01-16,1.76
2020-01-17,1.76
2020-01-20,1.76
2020-01-21,1.76
2020-01-22,1.76
2020-01-23,1.76
2020-01-24,1.76
2020-01-27,1.76
2020-01-28,1.76
2020-01-29,1.76
2020-01-30,1.76
2020-01-31,1.76
2020-02-03,1.5
2020-02-04,1.5
2020-02-05,1.5
2020-02-06,1.5
2020-02-07,1.5
2020-02-10,1.5
2020-02-11,1.5
2020-02-12,1.5
2020-02-13,1.5
2020-02-14,1.5
2020-02-17,1.5
2020-02-18,1.5
2020-02-19,1.5
2020-02-20,1.5
2020-02-21,1.5
2020-02-24,1.5
2020-02-25,1.5
2020-02-26,1.5
2020-02-27,1.5
2020-02-28,1.5
2020-03-02,0.87
2020-03-03,0.87
2020-03-04,0.87
2020-03-05,0.87
2020-03-06,0.87
2020-03-09,0.87
2020-03-10,0.87
2020-03-11,0.87
2020-03-12,0.87
2020-03-13,0.87
2020-03-16,0.87
2020-03-17,0.87
2020-03-18,0.87
2020-03-19,0.87
2020-03-20,0.87
2020-03-23,0.87
2020-03-24,0.87
2020-03-25,0.87
2020-03-26,0.87
2020-03-27,0.87
2020-03-30,0.87
2020-03-31,0.87
2020-04-01,0.66
2020-04-02,0.66
2020-04-03,0.66
2020-04-06,0.66
2020-04-07,0.66
2020-04-08,0.66
2020-04-09,0.66
2020-04-10,0.66
2020-04-13,0.66
2020-04-14,0.66
2020-04-15,0.66
2020-04-16,0.66
2020-04-17,0.66
2020-04-20,0.66
2020-04-21,0.66
2020-04-22,0.66
2020-04-23,0.66
2020-04-24,0.66
2020-04-27,0.66
2020-04-28,0.66
2020-04-29,0.66
2020-04-30,0.66
2020-05-01,0.67
2020-05-04,0.67
2020-05-05,0.67
2020-05-06,0.67
2020-05-07,0.67
2020-05-08,0.67
2020-05-11,0.67
2020-05-12,0.67
2020-05-13,0.67
2020-05-14,0.67
2020-05-15,0.67
2020-05-18,0.67
2020-05-19,0.67
2020-05-20,0.67
2020-05-21,0.67
2020-05-22,0.67
2020-05-25,0.67
2020-05-26,0.67
2020-05-27,0.67
2020-05-28,0.67
2020-05-29,0.67
2020-06-01,0.73
2020-06-02,0.73
2020-06-03,0.73
2020-06-04,0.73
2020-06-05,0.73
2020-06-08,0.73
2020-06-09,0.73
2020-06-10,0.73
2020-06-11,0.73
2020-06-12,0.73
2020-06-15,0.73
2020-06-16,0.73
2020-06-17,0.73
2020-06-18,0.73
2020-06-19,0.73
2020-06-22,0.73
2020-06-23,0.73
2020-06-24,0.73
2020-06-25,0.73
2020-06-26,0.73
2020-06-29,0.73
2020-06-30,0.73
2020-07-01,0.62
2020-07-02,0.62
2020-07-03,0.62
2020-07-06,0.62
2020-07-07,0.62
2020-07-08,0.62
2020-07-09,0.62
2020-07-10,0.62
2020-07-13,0.62
2020-07-14,0.62
2020-07-15,0.62
2020-07-16,0.62
2020-07-17,0.62
2020-07-20,0.62
2020-07-21,0.62
2020-07-22,0.62
2020-07-23,0.62
2020-07-24,0.62
2020-07-27,0.62
2020-07-28,0.62
2020-07-29,0.62
2020-07-30,0.62
2020-07-31,0.62
2020-08-03,0.65
2020-08-04,0.65
2020-08-05,0.65
2020-08-06,0.65
2020-08-07,0.65
2020-08-10,0.65
2020-08-11,0.65
2020-08-12,0.65
2020-08-13,0.65
2020-08-14,0.65
2020-08-17,0.65
2020-08-18,0.65
2020-08-19,0.65
2020-08-20,0.65
2020-08-21,0.65
2020-08-24,0.65
2020-08-25,0.65
2020-08-26,0.65
2020-08-27,0.65
2020-08-28,0.65
2020-08-31,0.65
2020-09-01,0.68
2020-09-02,0.68
2020-09-03,0.68
2020-09-04,0.68
2020-09-07,0.68
2020-09-08,0.68
2020-09-09,0.68
2020-09-10,0.68
2020-09-11,0.68
2020-09-14,0.68
2020-09-15,0.68
2020-09-16,0.68
2020-09-17,0.68
2020-09-18,0.68
2020-09-21,0.68
2020-09-22,0.68
2020-09-23,0.68
2020-09-24,0.68
2020-09-25,0.68
2020-09-28,0.68
2020-09-29,0.68
2020-09-30,0.68
2020-10-01,0.79
2020-10-02,0.79
2020-10-05,0.79
2020-10-06,0.79
2020-10-07,0.79
2020-10-08,0.79
2020-10-09,0.79
2020-10-12,0.79
2020-10-13,0.79
2020-10-14,0.79
2020-10-15,0.79
2020-10-16,0.79
2020-10-19,0.79
2020-10-20,0.79
2020-10-21,0.79
2020-10-22,0.79
2020-10-23,0.79
2020-10-26,0.79
2020-10-27,0.79
2020-10-28,0.79
2020-10-29,0.79
2020-10-30,0.79
2020-11-02,0.87
2020-11-03,0.87
2020-11-04,0.87
2020-11-05,0.87
2020-11-06,0.87
2020-11-09,0.87
2020-11-10,0.87
2020-11-11,0.87
2020-11-12,0.87
2020-11-13,0.87
2020-11-16,0.87
2020-11-17,0.87
2020-11-18,0.87
2020-11-19,0.87
2020-11-20,0.87
2020-11-23,0.87
2020-11-24,0.87
2020-11-25,0.87
2020-11-26,0.87
2020-11-27,0.87
2020-11-30,0.87
2020-12-01,0.93
2020-12-02,0.93
2020-12-03,0.93
2020-12-04,0.93
2020-12-07,0.93
2020-12-08,0.93
2020-12-09,0.93
2020-12-10,0.93
2020-12-11,0.93
2020-12-14,0.93
2020-12-15,0.93
2020-12-16,0.93
2020-12-17,0.93
2020-12-18,0.93
2020-12-21,0.93
2020-12-22,0.93
2020-12-23,0.93
2020-12-24,0.93
2020-12-25,0.93
2020-12-28,0.93
2020-12-29,0.93
2020-12-30,0.93
2020-12-31,0.93
2021-01-01,1.08
2021-01-04,1.08
2021-01-05,1.08
2021-01-06,1.08
2021-01-07,1.08
2021-01-08,1.08
2021-01-11,1.08
2021-01-12,1.08
2021-01-13,1.08
2021-01-14,1.08
2021-01-15,1.08
2021-01-18,1.08
2021-01-19,1.08
2021-01-20,1.08
2021-01-21,1.08
2021-01-22,1.08
2021-01-25,1.08
2021-01-26,1.08
2021-01-27,1.08
2021-01-28,1.08
2021-01-29,1.08
2021-02-01,1.26
2021-02-02,1.26
2021-02-03,1.26
2021-02-04,1.26
2021-02-05,1.26
2021-02-08,1.26
2021-02-09,1.26
2021-02-10,1.26
2021-02-11,1.26
2021-02-12,1.26
2021-02-15,1.26
2021-02-16,1.26
2021-02-17,1.26
2021-02-18,1.26
2021-02-19,1.26
2021-02-22,1.26
2021-02-23,1.26
2021-02-24,1.26
2021-02-25,1.26
2021-02-26,1.26
2021-03-01,1.61
2021-03-02,1.61
2021-03-03,1.61
2021-03-04,1.61
2021-03-05,1.61
2021-03-08,1.61
2021-03-09,1.61
2021-03-10,1.61
2021-03-11,1.61
2021-03-12,1.61
2021-03-15,1.61
2021-03-16,1.61
2021-03-17,1.61
2021-03-18,1.61
2021-03-19,1.61
2021-03-22,1.61
2021-03-23,1.61
2021-03-24,1.61
2021-03-25,1.61
2021-03-26,1.61
2021-03-29,1.61
2021-03-30,1.61
2021-03-31,1.61
2021-04-01,1.64
2021-04-02,1.64
2021-04-05,1.64
2021-04-06,1.64
2021-04-07,1.64
2021-04-08,1.64
2021-04-09,1.64
2021-04-12,1.64
2021-04-13,1.64
2021-04-14,1.64
2021-04-15,1.64
2021-04-16,1.64
2021-04-19,1.64
2021-04-20,1.64
2021-04-21,1.64
2021-04-22,1.64
2021-04-23,1.64
2021-04-26,1.64
2021-04-27,1.64
2021-04-28,1.64
2021-04-29,1.64
2021-04-30,1.64
2021-05-03,1.62
2021-05-04,1.62
2021-05-05,1.62
2021-05-06,1.62
2021-05-07,1.62
2021-05-10,1.62
2021-05-11,1.62
2021-05-12,1.62
2021-05-13,1.62
2021-05-14,1.62
2021-05-17,1.62
2021-05-18,1.62
2021-05-19,1.62
2021-05-20,1.62
2021-05-21,1.62
2021-05-24,1.62
2021-05-25,1.62
2021-05-26,1.62
2021-05-27,1.62
2021-05-28,1.62
2021-05-31,1.62
2021-06-01,1.52
2021-06-02,1.52
2021-06-03,1.52
2021-06-04,1.52
2021-06-07,1.52
2021-06-08,1.52
2021-06-09,1.52
2021-06-10,1.52
2021-06-11,1.52
2021-06-14,1.52
2021-06-15,1.52
2021-06-16,1.52
2021-06-17,1.52
2021-06-18,1.52
2021-06-21,1.52
2021-06-22,1.52
2021-06-23,1.52
2021-06-24,1.52
2021-06-25,1.52
2021-06-28,1.52
2021-06-29,1.52
2021-06-30,1.52
2021-07-01,1.32
2021-07-02,1.32
2021-07-05,1.32
2021-07-06,1.32
2021-07-07,1.32
2021-07-08,1.32
2021-07-09,1.32
2021-07-12,1.32
2021-07-13,1.32
2021-07-14,1.32
2021-07-15,1.32
2021-07-16,1.32
2021-07-19,1.32
2021-07-20,1.32
2021-07-21,1.32
2021-07-22,1.32
2021-07-23,1.32
2021-07-26,1.32
2021-07-27,1.32
2021-07-28,1.32
2021-07-29,1.32
2021-07-30,1.32
2021-08-02,1.28
2021-08-03,1.28
2021-08-04,1.28
2021-08-05,1.28
2021-08-06,1.28
2021-08-09,1.28
2021-08-10,1.28
2021-08-11,1.28
2021-08-12,1.28
2021-08-13,1.28
2021-08-16,1.28
2021-08-17,1.28
2021-08-18,1.28
2021-08-19,1.28
2021-08-20,1.28
2021-08-23,1.28
2021-08-24,1.28
2021-08-25,1.28
2021-08-26,1.28
2021-08-27,1.28
2021-08-30,1.28
2021-08-31,1.28
2021-09-01,1.37
2021-09-02,1.37
2021-09-03,1.37
2021-09-06,1.37
2021-09-07,1.37
2021-09-08,1.37
2021-09-09,1.37
2021-09-10,1.37
2021-09-13,1.37
2021-09-14,1.37
2021-09-15,1.37
2021-09-16,1.37
2021-09-17,1.37
2021-09-20,1.37
2021-09-21,1.37
2021-09-22,1.37
2021-09-23,1.37
2021-09-24,1.37
2021-09-27,1.37
2021-09-28,1.37
2021-09-29,1.37
2021-09-30,1.37
2021-10-01,1.58
2021-10-04,1.58
2021-10-05,1.58
2021-10-06,1.58
2021-10-07,1.58
2021-10-08,1.58
2021-10-11,1.58
2021-10-12,1.58
2021-10-13,1.58
2021-10-14,1.58
2021-10-15,1.58
2021-10-18,1.58
2021-10-19,1.58
2021-10-20,1.58
2021-10-21,1.58
2021-10-22,1.58
2021-10-25,1.58
2021-10-26,1.58
2021-10-27,1.58
2021-10-28,1.58
2021-10-29,1.58
2021-11-01,1.56
2021-11-02,1.56
2021-11-03,1.56
2021-11-04,1.56
2021-11-05,1.56
2021-11-08,1.56
2021-11-09,1.56
2021-11-10,1.56
2021-11-11,1.56
2021-11-12,1.56
2021-11-15,1.56
2021-11-16,1.56
2021-11-17,1.56
2021-11-18,1.56
2021-11-19,1.56
2021-11-22,1.56
2021-11-23,1.56
2021-11-24,1.56
2021-11-25,1.56
2021-11-26,1.56
2021-11-29,1.56
2021-11-30,1.56
2021-12-01,1.47
2021-12-02,1.47
2021-12-03,1.47
2021-12-06,1.47
2021-12-07,1.47
2021-12-08,1.47
2021-12-09,1.47
2021-12-10,1.47
2021-12-13,1.47
2021-12-14,1.47
2021-12-15,1.47
2021-12-16,1.47
2021-12-17,1.47
2021-12-20,1.47
2021-12-21,1.47
2021-12-22,1.47
2021-12-23,1.47
2021-12-24,1.47
2021-12-27,1.47
2021-12-28,1.47
2021-12-29,1.47
2021-12-30,1.47
2021-12-31,1.47
2022-01-03,1.76
2022-01-04,1.76
2022-01-05,1.76
2022-01-06,1.76
2022-01-07,1.76
2022-01-10,1.76
2022-01-11,1.76
2022-01-12,1.76
2022-01-13,1.76
2022-01-14,1.76
2022-01-17,1.76
2022-01-18,1.76
2022-01-19,1.76
2022-01-20,1.76
2022-01-21,1.76
2022-01-24,1.76
2022-01-25,1.76
2022-01-26,1.76
2022-01-27,1.76
2022-01-28,1.76
2022-01-31,1.76
2022-02-01,1.93
2022-02-02,1.93
2022-02-03,1.93
2022-02-04,1.93
2022-02-07,1.93
2022-02-08,1.93
2022-02-09,1.93
2022-02-10,1.93
2022-02-11,1.93
2022-02-14,1.93
2022-02-15,1.93
2022-02-16,1.93
2022-02-17,1.93
2022-02-18,1.93
2022-02-21,1.93
2022-02-22,1.93
2022-02-23,1.93
2022-02-24,1.93
2022-02-25,1.93
2022-02-28,1.93
2022-03-01,2.13
2022-03-02,2.13
2022-03-03,2.13
2022-03-04,2.13
2022-03-07,2.13
2022-03-08,2.13
2022-03-09,2.13
2022-03-10,2.13
2022-03-11,2.13
2022-03-14,2.13
2022-03-15,2.13
2022-03-16,2.13
2022-03-17,2.13
2022-03-18,2.13
2022-03-21,2.13
2022-03-22,2.13
2022-03-23,2.13
2022-03-24,2.13
2022-03-25,2.13
2022-03-28,2.13
2022-03-29,2.13
2022-03-30,2.13
2022-03-31,2.13
2022-04-01,2.75
2022-04-04,2.75
2022-04-05,2.75
2022-04-06,2.75
2022-04-07,2.75
2022-04-08,2.75
2022-04-11,2.75
2022-04-12,2.75
2022-04-13,2.75
2022-04-14,2.75
2022-04-15,2.75
2022-04-18,2.75
2022-04-19,2.75
2022-04-20,2.75
2022-04-21,2.75
2022-04-22,2.75
2022-04-25,2.75
2022-04-26,2.75
2022-04-27,2.75
2022-04-28,2.75
2022-04-29,2.75
2022-05-02,2.9
2022-05-03,2.9
2022-05-04,2.9
2022-05-05,2.9
2022-05-06,2.9
2022-05-09,2.9
2022-05-10,2.9
2022-05-11,2.9
2022-05-12,2.9
2022-05-13,2.9
2022-05-16,2.9
2022-05-17,2.9
2022-05-18,2.9
2022-05-19,2.9
2022-05-20,2.9
2022-05-23,2.9
2022-05-24,2.9
2022-05-25,2.9
2022-05-26,2.9
2022-05-27,2.9
2022-05-30,2.9
2022-05-31,2.9
2022-06-01,3.14
2022-06-02,3.14
2022-06-03,3.14
2022-06-06,3.14
2022-06-07,3.14
2022-06-08,3.14
2022-06-09,3.14
2022-06-10,3.14
2022-06-13,3.14
2022-06-14,3.14
2022-06-15,3.14
2022-06-16,3.14
2022-06-17,3.14
2022-06-20,3.14
2022-06-21,3.14
2022-06-22,3.14
2022-06-23,3.14
2022-06-24,3.14
2022-06-27,3.14
2022-06-28,3.14
2022-06-29,3.14
2022-06-30,3.14
2022-07-01,2.9
2022-07-04,2.9
2022-07-05,2.9
2022-07-06,2.9
2022-07-07,2.9
2022-07-08,2.9
2022-07-11,2.9
2022-07-12,2.9
2022-07-13,2.9
2022-07-14,2.9
2022-07-15,2.9
2022-07-18,2.9
2022-07-19,2.9
2022-07-20,2.9
2022-07-21,2.9
2022-07-22,2.9
2022-07-25,2.9
2022-07-26,2.9
2022-07-27,2.9
2022-07-28,2.9
2022-07-29,2.9
2022-08-01,2.9
2022-08-02,2.9
2022-08-03,2.9
2022-08-04,2.9
2022-08-05,2.9
2022-08-08,2.9
2022-08-09,2.9
2022-08-10,2.9
2022-08-11,2.9
2022-08-12,2.9
2022-08-15,2.9
2022-08-16,2.9
2022-08-17,2.9
2022-08-18,2.9
2022-08-19,2.9
2022-08-22,2.9
2022-08-23,2.9
2022-08-24,2.9
2022-08-25,2.9
2022-08-26,2.9
2022-08-29,2.9
2022-08-30,2.9
2022-08-31,2.9
2022-09-01,3.52
2022-09-02,3.52
2022-09-05,3.52
2022-09-06,3.52
2022-09-07,3.52
2022-09-08,3.52
2022-09-09,3.52
2022-09-12,3.52
2022-09-13,3.52
2022-09-14,3.52
2022-09-15,3.52
2022-09-16,3.52
2022-09-19,3.52
2022-09-20,3.52
2022-09-21,3.52
2022-09-22,3.52
2022-09-23,3.52
2022-09-26,3.52
2022-09-27,3.52
2022-09-28,3.52
2022-09-29,3.52
2022-09-30,3.52
2022-10-03,3.98
2022-10-04,3.98
2022-10-05,3.98
2022-10-06,3.98
2022-10-07,3.98
2022-10-10,3.98
2022-10-11,3.98
2022-10-12,3.98
2022-10-13,3.98
2022-10-14,3.98
2022-10-17,3.98
2022-10-18,3.98
2022-10-19,3.98
2022-10-20,3.98
2022-10-21,3.98
2022-10-24,3.98
2022-10-25,3.98
2022-10-26,3.98
2022-10-27,3.98
2022-10-28,3.98
2022-10-31,3.98
2022-11-01,3.89
2022-11-02,3.89
2022-11-03,3.89
2022-11-04,3.89
2022-11-07,3.89
2022-11-08,3.89
2022-11-09,3.89
2022-11-10,3.89
2022-11-11,3.89
2022-11-14,3.89
2022-11-15,3.89
2022-11-16,3.89
2022-11-17,3.89
2022-11-18,3.89
2022-11-21,3.89
2022-11-22,3.89
2022-11-23,3.89
2022-11-24,3.89
2022-11-25,3.89
2022-11-28,3.89
2022-11-29,3.89
2022-11-30,3.89
2022-12-01,3.62
2022-12-02,3.62
2022-12-05,3.62
2022-12-06,3.62
2022-12-07,3.62
2022-12-08,3.62
2022-12-09,3.62
2022-12-12,3.62
2022-12-13,3.62
2022-12-14,3.62
2022-12-15,3.62
2022-12-16,3.62
2022-12-19,3.62
2022-12-20,3.62
2022-12-21,3.62
2022-12-22,3.62
2022-12-23,3.62
2022-12-26,3.62
2022-12-27,3.62
2022-12-28,3.62
2022-12-29,3.62
2022-12-30,3.62
2023-01-02,3.53
2023-01-03,3.53
2023-01-04,3.53
2023-01-05,3.53
2023-01-06,3.53
2023-01-09,3.53
2023-01-10,3.53
2023-01-11,3.53
2023-01-12,3.53
2023-01-13,3.53
2023-01-16,3.53
2023-01-17,3.53
2023-01-18,3.53
2023-01-19,3.53
2023-01-20,3.53
2023-01-23,3.53
2023-01-24,3.53
2023-01-25,3.53
2023-01-26,3.53
2023-01-27,3.53
2023-01-30,3.53
2023-01-31,3.53
2023-02-01,3.75
2023-02-02,3.75
2023-02-03,3.75
2023-02-06,3.75
2023-02-07,3.75
2023-02-08,3.75
2023-02-09,3.75
2023-02-10,3.75
2023-02-13,3.75
2023-02-14,3.75
2023-02-15,3.75
2023-02-16,3.75
2023-02-17,3.75
2023-02-20,3.75
2023-02-21,3.75
2023-02-22,3.75
2023-02-23,3.75
2023-02-24,3.75
2023-02-27,3.75
2023-02-28,3.75
2023-03-01,3.66
2023-03-02,3.66
2023-03-03,3.66
2023-03-06,3.66
2023-03-07,3.66
2023-03-08,3.66
2023-03-09,3.66
2023-03-10,3.66
2023-03-13,3.66
2023-03-14,3.66
2023-03-15,3.66
2023-03-16,3.66
2023-03-17,3.66
2023-03-20,3.66
2023-03-21,3.66
2023-03-22,3.66
2023-03-23,3.66
2023-03-24,3.66
2023-03-27,3.66
2023-03-28,3.66
2023-03-29,3.66
2023-03-30,3.66
2023-03-31,3.66
2023-04-03,3.46
2023-04-04,3.46
2023-04-05,3.46
2023-04-06,3.46
2023-04-07,3.46
2023-04-10,3.46
2023-04-11,3.46
2023-04-12,3.46
2023-04-13,3.46
2023-04-14,3.46
2023-04-17,3.46
2023-04-18,3.46
2023-04-19,3.46
2023-04-20,3.46
2023-04-21,3.46
2023-04-24,3.46
2023-04-25,3.46
2023-04-26,3.46
2023-04-27,3.46
2023-04-28,3.46
2023-05-01,3.57
2023-05-02,3.57
2023-05-03,3.57
2023-05-04,3.57
2023-05-05,3.57
2023-05-08,3.57
2023-05-09,3.57
2023-05-10,3.57
2023-05-11,3.57
2023-05-12,3.57
2023-05-15,3.57
2023-05-16,3.57
2023-05-17,3.57
2023-05-18,3.57
2023-05-19,3.57
2023-05-22,3.57
2023-05-23,3.57
2023-05-24,3.57
2023-05-25,3.57
2023-05-26,3.57
2023-05-29,3.57
2023-05-30,3.57
2023-05-31,3.57
2023-06-01,3.75
2023-06-02,3.75
2023-06-05,3.75
2023-06-06,3.75
2023-06-07,3.75
2023-06-08,3.75
2023-06-09,3.75
2023-06-12,3.75
2023-06-13,3.75
2023-06-14,3.75
2023-06-15,3.75
2023-06-16,3.75
2023-06-19,3.75
2023-06-20,3.75
2023-06-21,3.75
2023-06-22,3.75
2023-06-23,3.75
2023-06-26,3.75
2023-06-27,3.75
2023-06-28,3.75
2023-06-29,3.75
2023-06-30,3.75
2023-07-03,3.9
2023-07-04,3.9
2023-07-05,3.9
2023-07-06,3.9
2023-07-07,3.9
2023-07-10,3.9
2023-07-11,3.9
2023-07-12,3.9
2023-07-13,3.9
2023-07-14,3.9
2023-07-17,3.9
2023-07-18,3.9
2023-07-19,3.9
2023-07-20,3.9
2023-07-21,3.9
2023-07-24,3.9
2023-07-25,3.9
2023-07-26,3.9
2023-07-27,3.9
2023-07-28,3.9
2023-07-31,3.9
2023-08-01,4.17
2023-08-02,4.17
2023-08-03,4.17
2023-08-04,4.17
2023-08-07,4.17
2023-08-08,4.17
2023-08-09,4.17
2023-08-10,4.17
2023-08-11,4.17
2023-08-14,4.17
2023-08-15,4.17
2023-08-16,4.17
2023-08-17,4.17
2023-08-18,4.17
2023-08-21,4.17
2023-08-22,4.17
2023-08-23,4.17
2023-08-24,4.17
2023-08-25,4.17
2023-08-28,4.17
2023-08-29,4.17
2023-08-30,4.17
2023-08-31,4.17
2023-09-01,4.38
2023-09-04,4.38
2023-09-05,4.38
2023-09-06,4.38
2023-09-07,4.38
2023-09-08,4.38
2023-09-11,4.38
2023-09-12,4.38
2023-09-13,4.38
2023-09-14,4.38
2023-09-15,4.38
2023-09-18,4.38
2023-09-19,4.38
2023-09-20,4.38
2023-09-21,4.38
2023-09-22,4.38
2023-09-25,4.38
2023-09-26,4.38
2023-09-27,4.38
2023-09-28,4.38
2023-09-29,4.38
2023-10-02,4.8
2023-10-03,4.8
2023-10-04,4.8
2023-10-05,4.8
2023-10-06,4.8
2023-10-09,4.8
2023-10-10,4.8
2023-10-11,4.8
2023-10-12,4.8
2023-10-13,4.8
2023-10-16,4.8
2023-10-17,4.8
2023-10-18,4.8
2023-10-19,4.8
2023-10-20,4.8
2023-10-23,4.8
2023-10-24,4.8
2023-10-25,4.8
2023-10-26,4.8
2023-10-27,4.8
2023-10-30,4.8
2023-10-31,4.8
2023-11-01,4.5
2023-11-02,4.5
2023-11-03,4.5
2023-11-06,4.5
2023-11-07,4.5
2023-11-08,4.5
2023-11-09,4.5
2023-11-10,4.5
2023-11-13,4.5
2023-11-14,4.5
2023-11-15,4.5
2023-11-16,4.5
2023-11-17,4.5
2023-11-20,4.5
2023-11-21,4.5
2023-11-22,4.5
2023-11-23,4.5
2023-11-24,4.5
2023-11-27,4.5
2023-11-28,4.5
2023-11-29,4.5
2023-11-30,4.5
2023-12-01,4.02
2023-12-04,4.02
2023-12-05,4.02
2023-12-06,4.02
2023-12-07,4.02
2023-12-08,4.02
2023-12-11,4.02
2023-12-12,4.02
2023-12-13,4.02
2023-12-14,4.02
2023-12-15,4.02
2023-12-18,4.02
2023-12-19,4.02
2023-12-20,4.02
2023-12-21,4.02
2023-12-22,4.02
2023-12-25,4.02
2023-12-26,4.02
2023-12-27,4.02
2023-12-28,4.02
2023-12-29,4.02
2024-01-01,4.06
2024-01-02,4.06
2024-01-03,4.06
2024-01-04,4.06
2024-01-05,4.06
2024-01-08,4.06
2024-01-09,4.06
2024-01-10,4.06
2024-01-11,4.06
2024-01-12,4.06
2024-01-15,4.06
2024-01-16,4.06
2024-01-17,4.06
2024-01-18,4.06
2024-01-19,4.06
2024-01-22,4.06
2024-01-23,4.06
2024-01-24,4.06
2024-01-25,4.06
2024-01-26,4.06
2024-01-29,4.06
2024-01-30,4.06
2024-01-31,4.06
2024-02-01,4.21
2024-02-02,4.21
2024-02-05,4.21
2024-02-06,4.21
2024-02-07,4.21
2024-02-08,4.21
2024-02-09,4.21
2024-02-12,4.21
2024-02-13,4.21
2024-02-14,4.21
2024-02-15,4.21
2024-02-16,4.21
2024-02-19,4.21
2024-02-20,4.21
2024-02-21,4.21
2024-02-22,4.21
2024-02-23,4.21
2024-02-26,4.21
2024-02-27,4.21
2024-02-28,4.21
2024-02-29,4.21
2024-03-01,4.21
2024-03-04,4.21
2024-03-05,4.21
2024-03-06,4.21
2024-03-07,4.21
2024-03-08,4.21
2024-03-11,4.21
2024-03-12,4.21
2024-03-13,4.21
2024-03-14,4.21
2024-03-15,4.21
2024-03-18,4.21
2024-03-19,4.21
2024-03-20,4.21
2024-03-21,4.21
2024-03-22,4.21
2024-03-25,4.21
2024-03-26,4.21
2024-03-27,4.21
2024-03-28,4.21
2024-03-29,4.21
2024-04-01,4.54
2024-04-02,4.54
2024-04-03,4.54
2024-04-04,4.54
2024-04-05,4.54
2024-04-08,4.54
2024-04-09,4.54
2024-04-10,4.54
2024-04-11,4.54
2024-04-12,4.54
2024-04-15,4.54
2024-04-16,4.54
2024-04-17,4.54
2024-04-18,4.54
2024-04-19,4.54
2024-04-22,4.54
2024-04-23,4.54
2024-04-24,4.54
2024-04-25,4.54
2024-04-26,4.54
2024-04-29,4.54
2024-04-30,4.54
2024-05-01,4.48
2024-05-02,4.48
2024-05-03,4.48
2024-05-06,4.48
2024-05-07,4.48
2024-05-08,4.48
2024-05-09,4.48
2024-05-10,4.48
2024-05-13,4.48
2024-05-14,4.48
2024-05-15,4.48
2024-05-16,4.48
2024-05-17,4.48
2024-05-20,4.48
2024-05-21,4.48
2024-05-22,4.48
2024-05-23,4.48
2024-05-24,4.48
2024-05-27,4.48
2024-05-28,4.48
2024-05-29,4.48
2024-05-30,4.48
2024-05-31,4.48
2024-06-03,4.31
2024-06-04,4.31
2024-06-05,4.31
2024-06-06,4.31
2024-06-07,4.31
2024-06-10,4.31
2024-06-11,4.31
2024-06-12,4.31
2024-06-13,4.31
2024-06-14,4.31
2024-06-17,4.31
2024-06-18,4.31
2024-06-19,4.31
2024-06-20,4.31
2024-06-21,4.31
2024-06-24,4.31
2024-06-25,4.31
2024-06-26,4.31
2024-06-27,4.31
2024-06-28,4.31
2024-07-01,4.25
2024-07-02,4.25
2024-07-03,4.25
2024-07-04,4.25
2024-07-05,4.25
2024-07-08,4.25
2024-07-09,4.25
2024-07-10,4.25
2024-07-11,4.25
2024-07-12,4.25
2024-07-15,4.25
2024-07-16,4.25
2024-07-17,4.25
2024-07-18,4.25
2024-07-19,4.25
2024-07-22,4.25
2024-07-23,4.25
2024-07-24,4.25
2024-07-25,4.25
2024-07-26,4.25
2024-07-29,4.25
2024-07-30,4.25
2024-07-31,4.25
2024-08-01,3.87
2024-08-02,3.87
2024-08-05,3.87
2024-08-06,3.87
2024-08-07,3.87
2024-08-08,3.87
2024-08-09,3.87
2024-08-12,3.87
2024-08-13,3.87
2024-08-14,3.87
2024-08-15,3.87
2024-08-16,3.87
2024-08-19,3.87
2024-08-20,3.87
2024-08-21,3.87
2024-08-22,3.87
2024-08-23,3.87
2024-08-26,3.87
2024-08-27,3.87
2024-08-28,3.87
2024-08-29,3.87
2024-08-30,3.87
2024-09-02,3.72
2024-09-03,3.72
2024-09-04,3.72
2024-09-05,3.72
2024-09-06,3.72
2024-09-09,3.72
2024-09-10,3.72
2024-09-11,3.72
2024-09-12,3.72
2024-09-13,3.72
2024-09-16,3.72
2024-09-17,3.72
2024-09-18,3.72
2024-09-19,3.72
2024-09-20,3.72
2024-09-23,3.72
2024-09-24,3.72
2024-09-25,3.72
2024-09-26,3.72
2024-09-27,3.72
2024-09-30,3.72
2024-10-01,4.1
2024-10-02,4.1
2024-10-03,4.1
2024-10-04,4.1
2024-10-07,4.1
2024-10-08,4.1
2024-10-09,4.1
2024-10-10,4.1
2024-10-11,4.1
2024-10-14,4.1
2024-10-15,4.1
2024-10-16,4.1
2024-10-17,4.1
2024-10-18,4.1
2024-10-21,4.1
2024-10-22,4.1
2024-10-23,4.1
2024-10-24,4.1
2024-10-25,4.1
2024-10-28,4.1
2024-10-29,4.1
2024-10-30,4.1
2024-10-31,4.1
2024-11-01,4.36
2024-11-04,4.36
2024-11-05,4.36
2024-11-06,4.36
2024-11-07,4.36
2024-11-08,4.36
2024-11-11,4.36
2024-11-12,4.36
2024-11-13,4.36
2024-11-14,4.36
2024-11-15,4.36
2024-11-18,4.36
2024-11-19,4.36
2024-11-20,4.36
2024-11-21,4.36
2024-11-22,4.36
2024-11-25,4.36
2024-11-26,4.36
2024-11-27,4.36
2024-11-28,4.36
2024-11-29,4.36
2024-12-02,4.39
2024-12-03,4.39
2024-12-04,4.39
2024-12-05,4.39
2024-12-06,4.39
2024-12-09,4.39
2024-12-10,4.39
2024-12-11,4.39
2024-12-12,4.39
2024-12-13,4.39
2024-12-16,4.39
2024-12-17,4.39
2024-12-18,4.39
2024-12-19,4.39
2024-12-20,4.39
2024-12-23,4.39
2024-12-24,4.39
2024-12-25,4.39
2024-12-26,4.39
2024-12-27,4.39
2024-12-30,4.39
2024-12-31,4.39
2025-01-01,4.63
2025-01-02,4.63
2025-01-03,4.63
2025-01-06,4.63
2025-01-07,4.63
2025-01-08,4.63
2025-01-09,4.63
2025-01-10,4.63
2025-01-13,4.63
2025-01-14,4.63
2025-01-15,4.63
2025-01-16,4.63
2025-01-17,4.63
2025-01-20,4.63
2025-01-21,4.63
2025-01-22,4.63
2025-01-23,4.63
2025-01-24,4.63
2025-01-27,4.63
2025-01-28,4.63
2025-01-29,4.63
2025-01-30,4.63
2025-01-31,4.63
2025-02-03,4.45
2025-02-04,4.45
2025-02-05,4.45
2025-02-06,4.45
2025-02-07,4.45
2025-02-10,4.45
2025-02-11,4.45
2025-02-12,4.45
2025-02-13,4.45
2025-02-14,4.45
2025-02-17,4.45
2025-02-18,4.45
2025-02-19,4.45
2025-02-20,4.45
2025-02-21,4.45
2025-02-24,4.45
2025-02-25,4.45
2025-02-26,4.45
2025-02-27,4.45
2025-02-28,4.45
2025-03-03,4.28
2025-03-04,4.28
2025-03-05,4.28
2025-03-06,4.28
2025-03-07,4.28
2025-03-10,4.28
2025-03-11,4.28
2025-03-12,4.28
2025-03-13,4.28
2025-03-14,4.28
2025-03-17,4.28
2025-03-18,4.28
2025-03-19,4.28
2025-03-20,4.28
2025-03-21,4.28
2025-03-24,4.28
2025-03-25,4.28
2025-03-26,4.28
2025-03-27,4.28
2025-03-28,4.28
2025-03-31,4.28
2025-04-01,4.28
2025-04-02,4.28
2025-04-03,4.28
2025-04-04,4.28
2025-04-07,4.28
2025-04-08,4.28
2025-04-09,4.28
2025-04-10,4.28
2025-04-11,4.28
2025-04-14,4.28
2025-04-15,4.28
2025-04-16,4.28
2025-04-17,4.28
2025-04-18,4.28
2025-04-21,4.28
2025-04-22,4.28
2025-04-23,4.28
2025-04-24,4.28
2025-04-25,4.28
2025-04-28,4.28
2025-04-29,4.28
2025-04-30,4.28
2025-05-01,4.42
2025-05-02,4.42
2025-05-05,4.42
2025-05-06,4.42
2025-05-07,4.42
2025-05-08,4.42
2025-05-09,4.42
2025-05-12,4.42
2025-05-13,4.42
2025-05-14,4.42
2025-05-15,4.42
2025-05-16,4.42
2025-05-19,4.42
2025-05-20,4.42
2025-05-21,4.42
2025-05-22,4.42
2025-05-23,4.42
2025-05-26,4.42
2025-05-27,4.42
2025-05-28,4.42
2025-05-29,4.42
2025-05-30,4.42
2025-06-02,4.38
2025-06-03,4.38
2025-06-04,4.38
2025-06-05,4.38
2025-06-06,4.38
2025-06-09,4.38
2025-06-10,4.38
2025-06-11,4.38
2025-06-12,4.38
2025-06-13,4.38
2025-06-16,4.38
2025-06-17,4.38
2025-06-18,4.38
2025-06-19,4.38
2025-06-20,4.38
2025-06-23,4.38
2025-06-24,4.38
2025-06-25,4.38
2025-06-26,4.38
2025-06-27,4.38
2025-06-30,4.38
2025-07-01,4.39
2025-07-02,4.39
2025-07-03,4.39
2025-07-04,4.39
2025-07-07,4.39
2025-07-08,4.39
2025-07-09,4.39
2025-07-10,4.39
2025-07-11,4.39
2025-07-14,4.39
2025-07-15,4.39
2025-07-16,4.39
2025-07-17,4.39
2025-07-18,4.39
2025-07-21,4.39
2025-07-22,4.39
2025-07-23,4.39
2025-07-24,4.39
2025-07-25,4.39
2025-07-28,4.39
2025-07-29,4.39
2025-07-30,4.39
2025-07-31,4.39
2025-08-01,4.26
2025-08-04,4.26
2025-08-05,4.26
2025-08-06,4.26
2025-08-07,4.26
2025-08-08,4.26
2025-08-11,4.26
2025-08-12,4.26
2025-08-13,4.26
2025-08-14,4.26
2025-08-15,4.26
2025-08-18,4.26
2025-08-19,4.26
2025-08-20,4.26
2025-08-21,4.26
2025-08-22,4.26
2025-08-25,4.26
2025-08-26,4.26
2025-08-27,4.26
2025-08-28,4.26
2025-08-29,4.26
2025-09-01,4.12
2025-09-02,4.12
2025-09-03,4.12
2025-09-04,4.12
2025-09-05,4.12
2025-09-08,4.12
2025-09-09,4.12
2025-09-10,4.12
2025-09-11,4.12
2025-09-12,4.12
2025-09-15,4.12
2025-09-16,4.12
2025-09-17,4.12
2025-09-18,4.12
2025-09-19,4.12
2025-09-22,4.12
2025-09-23,4.12
2025-09-24,4.12
2025-09-25,4.12
2025-09-26,4.12
2025-09-29,4.12
2025-09-30,4.12
2025-10-01,4.06
2025-10-02,4.06
2025-10-03,4.06
2025-10-06,4.06
2025-10-07,4.06
2025-10-08,4.06
2025-10-09,4.06
2025-10-10,4.06
2025-10-13,4.06
2025-10-14,4.06
2025-10-15,4.06
2025-10-16,4.06
2025-10-17,4.06
2025-10-20,4.06
2025-10-21,4.06
2025-10-22,4.06
2025-10-23,4.06
2025-10-24,4.06
2025-10-27,4.06
2025-10-28,4.06
2025-10-29,4.06
2025-10-30,4.06
2025-10-31,4.06
2025-11-03,4.09
2025-11-04,4.09
2025-11-05,4.09
2025-11-06,4.09
2025-11-07,4.09
2025-11-10,4.09
2025-11-11,4.09
2025-11-12,4.09
2025-11-13,4.09
2025-11-14,4.09
2025-11-17,4.09
2025-11-18,4.09
2025-11-19,4.09
2025-11-20,4.09
2025-11-21,4.09
2025-11-24,4.09
2025-11-25,4.09
2025-11-26,4.09
2025-11-27,4.09
2025-11-28,4.09
2025-12-01,4.14
2025-12-02,4.14
2025-12-03,4.14
2025-12-04,4.14
2025-12-05,4.14
2025-12-08,4.14
2025-12-09,4.14
2025-12-10,4.14
2025-12-11,4.14
2025-12-12,4.14
2025-12-15,4.14
2025-12-16,4.14
2025-12-17,4.14
2025-12-18,4.14
2025-12-19,4.14
2025-12-22,4.14
2025-12-23,4.14
2025-12-24,4.14
2025-12-25,4.14
2025-12-26,4.14
2025-12-29,4.14
2025-12-30,4.14
2025-12-31,4.14
2026-01-01,4.21
2026-01-02,4.21
2026-01-05,4.21
2026-01-06,4.21
2026-01-07,4.21
2026-01-08,4.21
2026-01-09,4.21
2026-01-12,4.21
2026-01-13,4.21
2026-01-14,4.21
2026-01-15,4.21
2026-01-16,4.21
2026-01-19,4.21
2026-01-20,4.21
2026-01-21,4.21
2026-01-22,4.21
2026-01-23,4.21
2026-01-26,4.21
2026-01-27,4.21
2026-01-28,4.21
2026-01-29,4.21
2026-01-30,4.21
2026-02-02,4.13
2026-02-03,4.13
2026-02-04,4.13
2026-02-05,4.13
2026-02-06,4.13
2026-02-09,4.13
2026-02-10,4.13
2026-02-11,4.13
2026-02-12,4.13
2026-02-13,4.13
2026-02-16,4.13
2026-02-17,4.13
2026-02-18,4.13
2026-02-19,4.13
2026-02-20,4.13
2026-02-23,4.13
2026-02-24,4.13
2026-02-25,4.13
2026-02-26,4.13
2026-02-27,4.13
2026-03-02,4.25
2026-03-03,4.25
2026-03-04,4.25
2026-03-05,4.25
2026-03-06,4.25
2026-03-09,4.25
2026-03-10,4.25
2026-03-11,4.25
2026-03-12,4.25
2026-03-13,4.25
2026-03-16,4.25
2026-03-17,4.25
2026-03-18,4.25
2026-03-19,4.25
2026-03-20,4.25
2026-03-23,4.25
2026-03-24,4.25
2026-03-25,4.25
2026-03-26,4.25
2026-03-27,4.25
2026-03-30,4.25
2026-03-31,4.25
2026-04-01,4.32
2026-04-02,4.32
2026-04-03,4.32
2026-04-06,4.32
2026-04-07,4.32
2026-04-08,4.32
2026-04-09,4.32
2026-04-10,4.32
2026-04-13,4.32
2026-04-14,4.32
2026-04-15,4.32
2026-04-16,4.32
2026-04-17,4.32
2026-04-20,4.32
2026-04-21,4.32
2026-04-22,4.32
2026-04-23,4.32
2026-04-24,4.32
2026-04-27,4.32
2026-04-28,4.32
2026-04-29,4.32
2026-04-30,4.32
2026-05-01,4.32
2026-05-04,4.32
2026-05-05,4.32
2026-05-06,4.32
2026-05-07,4.32
2026-05-08,4.32
2026-05-11,4.32
2026-05-12,4.32
2026-05-13,4.32
2026-05-14,4.32
2026-05-15,4.32
2026-05-18,4.32
2026-05-19,4.32
2026-05-20,4.32
2026-05-21,4.32
2026-05-22,4.32
